liquidityRate_avg,variableBorrowRate_avg,utilizationRate_avg,stableBorrowRate_avg,x/year,x/month,x/date,x/hours
0.0006097560975655025,0.002032521235044761,0.6747967475609756,0,2020,11,2,12
0,0,1,0,2020,11,2,18
0,0,1,0,2020,11,3,0
2.439118928882304,2.715066168352795,0.9083333333333334,0,2020,11,3,6
0.6707602553710315,0.7509136904023651,0.22502388180555555,0,2020,11,3,12
0.00007650436074264001,0.0001956736492332,0.17336292333333334,0,2020,11,3,18
0.00039345053497632,0.0009935318313072,0.64000159,0,2020,11,4,0
0.00039345053497632,0.0009935318313072,0.64000159,0,2020,11,4,6
0.007040336921544,0.0123438420509688,0.7078034938888889,0,2020,11,4,12
0.01127017371299616,0.019566766736208,0.75095016,0,2020,11,4,18
0.01127017371299616,0.019566766736208,0.75095016,0,2020,11,5,0
0.01127017371299616,0.019566766736208,0.75095016,0,2020,11,5,6
0.1314306566789482,0.19448241834205704,0.7651905165277778,0,2020,11,5,12
0.01275122450778924,0.01863088144680048,0.7526156566666666,0,2020,11,5,18
0.00034289148429504,0.00046979544292272,0.75094909,0,2020,11,6,0
0.00034289148429504,0.00046979544292272,0.75094909,0,2020,11,6,6
0.0116450477289618,0.017204037474708236,0.7662259511111111,0,2020,11,6,12
0.0373317664668408,0.05523640572876624,0.80094609,0,2020,11,6,18
0.0373317664668408,0.05523640572876624,0.80094609,0,2020,11,7,0
0.12526776834895692,0.17286733898047488,0.8162283923611111,0,2020,11,7,6
0,0,0.82094494,0,2020,11,7,12
0.19554868196566438,0.2646620254605846,0.8210775080555555,0,2020,11,7,18
0.04981160593116774,0.06738473788017445,0.8212076762499999,0,2020,11,8,0
0.09904000616824572,0.13466080527321014,0.803425641388889,0,2020,11,8,6
0.01692857169213984,0.03066757496668224,0.6131544,0,2020,11,8,12
0.00397403379888294,0.00720184869598824,0.6329794945833334,0,2020,11,8,18
0.024535742155872477,0.0425530359621522,0.6647777549999999,0,2020,11,9,0
0.007558738463139479,0.01228347179614404,0.7809865024999999,0,2020,11,9,6
0.025477465275194403,0.03646516234082184,0.7868488483333334,0,2020,11,9,12
0.0568184367569715,0.08059846046549436,0.7818821358333333,0,2020,11,9,18
0.036656708709888,0.05199439122792576,0.77567374,0,2020,11,10,0
0.0045857989493261996,0.00689912385408282,0.10598604791666667,0,2020,11,10,6
5.431687056e-7,0.000057950874610200004,0.014558566111111108,0,2020,11,10,12
0.00020721124246548,0.00369351625607808,0.07033328583333333,0,2020,11,10,18
0.00001763329101264,0.00027681981214176,0.07125643,0,2020,11,11,0
0.00032694148235213997,0.00525377188908126,0.05508725263888889,0,2020,11,11,6
0.000005441079528,0.00010654818302592,0.08663056,0,2020,11,11,12
0.0006077634672930599,0.007716826188259741,0.09124951097222221,0,2020,11,11,18
0.00039850894560768,0.0048104125226493,0.09344718027777778,0,2020,11,12,0
0.0005921378012097,0.0058588995925571395,0.16140007291666666,0,2020,11,12,6
0.00373958567809248,0.016894824099812942,0.2545227391666667,0,2020,11,12,12
0.00444395126677482,0.0189791082384459,0.28670942388888887,0,2020,11,12,18
0.0062112775558679995,0.0172564418159118,0.4065150097222222,0,2020,11,13,0
0.01021508627133612,0.025387434907776122,0.4689203144444445,0,2020,11,13,6
0.0090374976504648,0.0191915415758964,0.5246328112499999,0,2020,11,13,12
0.01473185654847072,0.031000508230250398,0.5288826052777778,0,2020,11,13,18
0.01434694366442814,0.03009511516432968,0.5299989652777778,0,2020,11,14,0
0.00369958573719324,0.00772636738919976,0.5362172350000001,0,2020,11,14,6
0.0090830293209576,0.01878825877114032,0.53613388,0,2020,11,14,12
0.022272164202611397,0.046145242558544464,0.5369630790277777,0,2020,11,14,18
0.01666249802650236,0.03440311135020108,0.5404512902777777,0,2020,11,15,0
0.010600171289129039,0.021545231542386238,0.5467291770833334,0,2020,11,15,6
0.00862389921041184,0.01751819200127952,0.55551766,0,2020,11,15,12
0.01944687055564572,0.03861787717578618,0.5623082280555556,0,2020,11,15,18
0.007763149926008281,0.015302091988693981,0.5875324416666667,0,2020,11,16,0
0.02505745766424756,0.047133734974544456,0.5908718738888888,0,2020,11,16,6
0.0185488286957502,0.03460953438392364,0.598607027638889,0,2020,11,16,12
0.02150216339148792,0.03234712877939082,0.7573630531944444,0,2020,11,16,18
0.0273596778356229,0.039589500833496535,0.7680035577777777,0,2020,11,17,0
0.1075792969296864,0.14430718808820678,0.8103991231944445,0,2020,11,17,6
0.23424558700481024,0.301020474454568,0.8590280954166666,0,2020,11,17,12
0.07160870662894962,0.09684942905010757,0.8131287515277777,0,2020,11,17,18
0.0291634921764294,0.0411133119782664,0.7442159308333333,0,2020,11,18,0
0.02295807783939546,0.03673322290224144,0.6950894505555555,0,2020,11,18,6
0.026950548061626903,0.04277554057904892,0.701495733888889,0,2020,11,18,12
0.008517953665121042,0.01333144657418256,0.7101827694444444,0,2020,11,18,18
0.0155577947975451,0.024268561833986277,0.7112406666666666,0,2020,11,19,0
0.03956324086295184,0.061677983322942595,0.7138369193055555,0,2020,11,19,6
0.02696243125848762,0.04002274648813728,0.7574450884722222,0,2020,11,19,12
0.0514456880842278,0.07048500852388884,0.79656371,0,2020,11,19,18
0.03043127340580572,0.04201530324794808,0.7944962597222223,0,2020,11,20,0
0.07235034312921468,0.09769403822922403,0.8244208519444444,0,2020,11,20,6
0.18299640444393483,0.24498594815334096,0.8288446461111111,0,2020,11,20,12
0.13617398168410344,0.18249741304866504,0.8267562091666667,0,2020,11,20,18
0.057544529768739486,0.07884502380885475,0.8094787036111112,0,2020,11,21,0
0.06908780702373864,0.09483205214729706,0.8050312358333334,0,2020,11,21,6
0.02205532492354656,0.03327821690702064,0.6699529027777777,0,2020,11,21,12
0.01309249798286742,0.02413638033879348,0.60233253875,0,2020,11,21,18
0.01718453845865124,0.0316189143219024,0.60482719875,0,2020,11,22,0
0.01766538066158184,0.03187415897871954,0.5936611830555555,0,2020,11,22,6
0,0,0.58521957,0,2020,11,22,12
0.005089475725541279,0.00965540363646744,0.5860401086111111,0,2020,11,22,18
0.033556257429984776,0.06291458845939363,0.615292965,0,2020,11,23,0
0.026163643594261557,0.04700436763068318,0.6213249122222222,0,2020,11,23,6
0.010815849744169801,0.019108012518909118,0.6131582191666667,0,2020,11,23,12
0.01511894460616074,0.0272779507726389,0.6110472336111111,0,2020,11,23,18
0.01811791502770524,0.03343631962546344,0.6027544508333333,0,2020,11,24,0
0.01000378913114508,0.017082952466320318,0.6138450619444444,0,2020,11,24,6
0.025300345626104156,0.0457666956611712,0.6137505969444444,0,2020,11,24,12
0.01440583173721302,0.02562384927058134,0.6346862884722222,0,2020,11,24,18
0.01718588093800254,0.02790807579815178,0.6976732834722222,0,2020,11,25,0
0.02784022308160092,0.04536678331150284,0.673500485,0,2020,11,25,6
0.01374256895773638,0.02256894313177332,0.6774151097222222,0,2020,11,25,12
0.00792658275656958,0.01292859782201718,0.6817027499999999,0,2020,11,25,18
0.02754966663530682,0.04644507756719034,0.63585797375,0,2020,11,26,0
0.01728206694499476,0.030135087705315478,0.6437480766666667,0,2020,11,26,6
0.04210390574503302,0.060669285128890915,0.790184996388889,0,2020,11,26,12
0.013975492504315321,0.01929644941887114,0.8039569416666666,0,2020,11,26,18
0.02208776188089168,0.03051281392275888,0.80394781,0,2020,11,27,0
0.10561984334885519,0.14549199953952396,0.8150184719444444,0,2020,11,27,6
0.0410720612079522,0.05688883970266721,0.8009029991666666,0,2020,11,27,12
0.02848761273227814,0.039009643178512986,0.8157643408333333,0,2020,11,27,18
0.13550851378686407,0.18380740533429427,0.8177390198611111,0,2020,11,28,0
0.12560222809121754,0.167771566724872,0.833439163888889,0,2020,11,28,6
0.1868141303311662,0.24880073438200523,0.8339519875,0,2020,11,28,12
0.18739058791258664,0.25002906366551864,0.8316437904166666,0,2020,11,28,18
0.03172936543890678,0.04266680370009792,0.8021112297222222,0,2020,11,29,0
0.03460569764408364,0.048294515775255835,0.8001719162500001,0,2020,11,29,6
0.08098182896814637,0.11149779308500848,0.8053290452777778,0,2020,11,29,12
0.02600740477084218,0.036918929070972245,0.7823795515277778,0,2020,11,29,18
0.05216743911103194,0.07169777827084362,0.8082089898611111,0,2020,11,30,0
0.18682612670646478,0.23931520874578804,0.8528619134722222,0,2020,11,30,6
0.16086097830826654,0.21499615184608334,0.8308614991666666,0,2020,11,30,12
0.32093773096771483,0.391680221465609,0.8735727901388889,0,2020,11,30,18
0.414854545459462,0.5043802535457453,0.8621344562500001,0,2020,11,31,0
0.017139394682986378,0.032136893248186554,0.5939709281944444,0,2020,11,31,6
0.023219861805758458,0.03425097774214686,0.7541149623611111,0,2020,11,31,12
0.05515295986127664,0.07607941662831408,0.80193436,0,2020,11,31,18
0.0191503332851655,0.0264164641070535,0.8020413502777778,0,2021,0,1,0
0.04403443892244882,0.06093387166299654,0.8036528829166667,0,2021,0,1,6
0.06221303326828206,0.08580854056601027,0.8016303265277778,0,2021,0,1,12
0.20907202926258583,0.274495986853762,0.8429092319444444,0,2021,0,1,18
0.03428329721956122,0.04884804689312922,0.7800324713888889,0,2021,0,2,0
0.030179000524540797,0.042608540480736666,0.7861870204166667,0,2021,0,2,6
0.01951353937505958,0.027209431112826657,0.8004174765277778,0,2021,0,2,12
0.04905657783332208,0.06694118821279896,0.814617471111111,0,2021,0,2,18
0.0821943050480016,0.11198470752505536,0.8158531977777778,0,2021,0,3,0
0.16303381415880425,0.22057988089200875,0.81935911,0,2021,0,3,6
0.0255064161155145,0.0346601931062835,0.8094732752777778,0,2021,0,3,12
0.16338069159678473,0.21812688926442894,0.8287953958333333,0,2021,0,3,18
0.12736587372524844,0.1789216491872169,0.5427177266666666,0,2021,0,4,0
0.01595378160432324,0.024835515162482277,0.7136190891666667,0,2021,0,4,6
0.021416489929959,0.03322496315669196,0.6939256654166667,0,2021,0,4,12
0.025286568039078843,0.04142129330998722,0.6834903244444444,0,2021,0,4,18
0.00965814237530664,0.01517506235534826,0.7121613973611111,0,2021,0,5,0
0.02267609155319664,0.03516800032182384,0.7093124433333333,0,2021,0,5,6
0.0371757531771594,0.0593998404041598,0.6836603994444445,0,2021,0,5,12
0.01639324208507934,0.0266221667397855,0.682798997638889,0,2021,0,5,18
0.0360051743053929,0.05023752489708732,0.7389574605555556,0,2021,0,6,0
0.02745187905663768,0.0408792200544366,0.7466221344444445,0,2021,0,6,6
0.06359604788858832,0.08470579903729686,0.8278207333333333,0,2021,0,6,12
0.20806276805067594,0.2788796121492247,0.8000299245833333,0,2021,0,6,18
0.2945247207513414,0.3716004117824946,0.8616408763888889,0,2021,0,7,0
0.16958975235364465,0.21441270542274787,0.8453915430555555,0,2021,0,7,6
0.12398613508324687,0.16652911967209802,0.824498015138889,0,2021,0,7,12
0.22249586315669923,0.2905465359033936,0.8496614725,0,2021,0,7,18
0.2309164987318515,0.30090526633828785,0.8523080640277778,0,2021,0,8,0
0.0787011305480346,0.10480171208749788,0.8148714845833332,0,2021,0,8,6
0.04096596588903006,0.05561993791687566,0.8109077902777778,0,2021,0,8,12
0.06625083845614362,0.09088304712094913,0.8094486788888888,0,2021,0,8,18
0.023139060601317478,0.03351925797910746,0.6905978479166667,0,2021,0,9,0
0.02431690825647942,0.03937629822234096,0.68526124875,0,2021,0,9,6
0.020622539280964202,0.033309888347662624,0.6874116420833334,0,2021,0,9,12
0.02818567187085636,0.04530296377477854,0.6901017433333334,0,2021,0,9,18
0.01985853723625884,0.03267355365603354,0.6669778097222223,0,2021,0,10,0
0.02446925861012574,0.039481492752578645,0.6899042122222222,0,2021,0,10,6
0.01720672999510416,0.027838968062361177,0.6875150565277778,0,2021,0,10,12
0.007342527746109959,0.01170459323301024,0.8148718991666667,0,2021,0,10,18
0.1748447091844535,0.2370595035878037,0.7264311322222222,0,2021,0,11,0
0.01476786164152512,0.02505899088082542,0.6632268033333334,0,2021,0,11,6
0.0169419202657338,0.027863472777102955,0.6748837168055555,0,2021,0,11,12
0.02356351466699964,0.03855431299733676,0.6894976512500001,0,2021,0,11,18
0.0279029675816031,0.04273594280165544,0.7287045397222223,0,2021,0,12,0
0.0063317460300291,0.009356805610361459,0.7536620508333334,0,2021,0,12,6
0.043228543939414506,0.06306568077977327,0.7665076294444444,0,2021,0,12,12
0.01470241068191718,0.0208889442486147,0.7847393280555556,0,2021,0,12,18
0.02643529750451004,0.03693337509360816,0.7972503455555555,0,2021,0,13,0
0,0,0.79842101,0,2021,0,13,6
0.06936614589991613,0.09627755605858788,0.8003423054166666,0,2021,0,13,12
0.033597612763403874,0.0467117507314695,0.7928495552777778,0,2021,0,13,18
0.02687818740135594,0.03778767626371002,0.7963454122222222,0,2021,0,14,0
0.07839921958372194,0.10787036681288256,0.8056483295833332,0,2021,0,14,6
0.01961338977705174,0.02753823820141566,0.7883898051388889,0,2021,0,14,12
0.027354571068836698,0.03852707897447394,0.7880533483333333,0,2021,0,14,18
0.03176671162643094,0.04437238321375139,0.7992460726388889,0,2021,0,15,0
0.00671253788353392,0.00927418102334352,0.80525394,0,2021,0,15,6
0.10562781579936799,0.14556277820489152,0.8045618673611111,0,2021,0,15,12
0.11264750381135305,0.14919032740954452,0.8384507225,0,2021,0,15,18
0.13966883342553402,0.18535598101707906,0.8380433658333334,0,2021,0,16,0
0.2575962274049146,0.3374602376529018,0.847063504861111,0,2021,0,16,6
0.16585026247376022,0.21873617508859355,0.8183745084722223,0,2021,0,16,12
0.11103973049168843,0.14751734308080622,0.8338193169444444,0,2021,0,16,18
0.02575267512092496,0.0343712694412512,0.83137104,0,2021,0,17,0
0.27061009582687057,0.36340240003142715,0.7601345276388889,0,2021,0,17,6
0.020098364096685542,0.03005652608841378,0.7548778109722222,0,2021,0,17,12
0.03147632655709326,0.04505050288629288,0.7732578161111111,0,2021,0,17,18
0.05013945081370488,0.06892087950090071,0.8004190044444445,0,2021,0,18,0
0.04954280364146886,0.06747950087755145,0.8122478306944445,0,2021,0,18,6
0.08342882345716135,0.11381520196714974,0.8123770593055556,0,2021,0,18,12
0.038498067697047965,0.052789017272780396,0.8261628227777779,0,2021,0,18,18
0.2487876447023929,0.3302049610670574,0.8363675640277778,0,2021,0,19,0
0.15783891232320102,0.208159887584448,0.8443453484722222,0,2021,0,19,6
0.30916229552746377,0.4025075885431634,0.8572966006944445,0,2021,0,19,12
0.22449794105662516,0.29121580599811103,0.8438734340277778,0,2021,0,19,18
0.01952437242367656,0.02755953121081026,0.7859410204166667,0,2021,0,20,0
0.02043960322178454,0.028373505789809524,0.8033872279166667,0,2021,0,20,6
0.11044951747225884,0.15039749110165646,0.8050836016666667,0,2021,0,20,12
0.1163644321115182,0.15511089441776238,0.8133367502777777,0,2021,0,20,18
0.1528074174431952,0.20389950122600592,0.83146798,0,2021,0,21,0
0.12102032120160877,0.16078321724052128,0.8344100213888889,0,2021,0,21,6
0.3977809722430517,0.4647414081750623,0.8763652444444445,0,2021,0,21,12
0.3995131751323678,0.47656719748584947,0.8893619513888888,0,2021,0,21,18
0.04389875256559614,0.060038552996032495,0.8032631908333333,0,2021,0,22,0
0.0728932724911995,0.09919072063557378,0.8083640055555557,0,2021,0,22,6
0.04426021967661264,0.06087530634973986,0.8002169733333333,0,2021,0,22,12
0.12568481182239266,0.16479231426089838,0.8481293555555556,0,2021,0,22,18
0.1705391257784564,0.22529700684588871,0.8328662987500001,0,2021,0,23,0
0.31098217023959934,0.39508630497605,0.8642523590277778,0,2021,0,23,6
0.08613763341190937,0.11723925037985322,0.81326098125,0,2021,0,23,12
0.0751849166729736,0.10256611360032408,0.8132513665277777,0,2021,0,23,18
0.10741095019078632,0.14522028354921845,0.8200078013888888,0,2021,0,24,0
0.09658462807080337,0.13092078246351396,0.8186201586111111,0,2021,0,24,6
0.10794942987288414,0.1444805499276938,0.8243008059722222,0,2021,0,24,12
0.10169752759669776,0.1369684527824898,0.7778333483333334,0,2021,0,24,18
0.05371145758863084,0.07454215383894053,0.8023828377777779,0,2021,0,25,0
0.08282849782417295,0.11346412574859012,0.8098854877777778,0,2021,0,25,6
0.1640117381955012,0.21621765509442792,0.832229265138889,0,2021,0,25,12
0.10672176990006149,0.1429746600397434,0.8245830926388888,0,2021,0,25,18
0.03638806201219056,0.05009069000283252,0.8041664279166666,0,2021,0,26,0
0.05395821811393134,0.0746515103962926,0.7995657381944444,0,2021,0,26,6
0.02074580853466284,0.028881432122042822,0.7958280919444445,0,2021,0,26,12
0.060446423811447415,0.08340315981865411,0.8046618448611111,0,2021,0,26,18
0.0543392622691149,0.07484658461893073,0.8048458747222222,0,2021,0,27,0
0.007680743038274879,0.01059710971835148,0.8036475536111111,0,2021,0,27,6
0.06538316910613992,0.09016881797577474,0.8118303788888889,0,2021,0,27,12
0.157834522527953,0.2127246715630391,0.8245022218055555,0,2021,0,27,18
0.12975704838537444,0.16600846291415966,0.8579993025,0,2021,0,28,0
0.12915991723001502,0.17070268873547575,0.8350897936111111,0,2021,0,28,6
0.09405874676817755,0.12656563990177128,0.7917906734722222,0,2021,0,28,12
0.019518242062795198,0.027288077715910804,0.7929559479166666,0,2021,0,28,18
0.032983265757430075,0.04605875131340448,0.7962784813888889,0,2021,0,29,0
0.02739856516095492,0.037119055369714916,0.8221620025,0,2021,0,29,6
0.20405573980167938,0.2748424294174507,0.8183386334722222,0,2021,0,29,12
0.11260657818178031,0.14359661060209608,0.8700624005555556,0,2021,0,29,18
0.3380964467508385,0.42899596582030247,0.73074052875,0,2021,0,30,0
0.02240589711983016,0.03545890652316732,0.6980095722222223,0,2021,0,30,6
0.018225244626921898,0.029246753971983723,0.6917642627777778,0,2021,0,30,12
0.027576154455869282,0.04341806662034376,0.70458672125,0,2021,0,30,18
0.03040502335873356,0.042758666800210565,0.7090543080555556,0,2021,0,31,0
0.11052079869198048,0.15088960678085406,0.770928366388889,0,2021,0,31,6
0.05008074026279742,0.07012888635081779,0.7269476861111112,0,2021,0,31,12
0.015993699888637202,0.02420386938968214,0.7336396111111111,0,2021,0,31,18
0.0355314248274084,0.05348790902869332,0.7350713598611112,0,2021,1,1,0
0.01576728476102778,0.02399424433291776,0.72840819375,0,2021,1,1,6
0.02916014132647134,0.04369266024036156,0.7455501786111111,0,2021,1,1,12
0.01231462664337564,0.01770574868196564,0.7714260744444444,0,2021,1,1,18
0.046035881208373014,0.06592654443099102,0.7744429309722222,0,2021,1,2,0
0.111212021905218,0.1477124729358129,0.824105585,0,2021,1,2,6
0.24480320048399692,0.31492018273673855,0.8639296029166667,0,2021,1,2,12
0.3048812759173758,0.39071194125383457,0.8624770770833333,0,2021,1,2,18
0.27040229451415576,0.3522431507167734,0.85092904625,0,2021,1,3,0
0.26891388432765184,0.34701275093321793,0.8589109936111111,0,2021,1,3,6
0.1538994979720393,0.19847916903140772,0.8621171311111111,0,2021,1,3,12
0.3927241247719819,0.4967473889136266,0.8781467145833334,0,2021,1,3,18
0.3125252861336949,0.39715080553962256,0.8717476545833333,0,2021,1,4,0
0.1454655071757452,0.19060250402538415,0.8413832083333334,0,2021,1,4,6
0.23492288768817632,0.30950885214954105,0.840508744861111,0,2021,1,4,12
0.054346759313385236,0.07248166252642235,0.8273710491666667,0,2021,1,4,18
0.156017601811548,0.2090591962746869,0.8271059700000001,0,2021,1,5,0
0.16982898600712446,0.22702515277383972,0.8209096536111111,0,2021,1,5,6
0.09433401597008695,0.12796710107471915,0.8124445752777778,0,2021,1,5,12
0.08770728110077314,0.11762941844698199,0.8271558901388888,0,2021,1,5,18
0.01984164232115232,0.02654006179103568,0.82938781,0,2021,1,6,0
0.31506683989761886,0.4209374709163816,0.8292683918055554,0,2021,1,6,6
0.1046690430458283,0.14201750587453105,0.8152037563888889,0,2021,1,6,12
0.06338643534895728,0.08611622146430244,0.8112777466666666,0,2021,1,6,18
0.09152767832890164,0.12491343058098739,0.8124963140277779,0,2021,1,7,0
0.05560426798332804,0.07595571665214312,0.8103369277777779,0,2021,1,7,6
0.046972429775577605,0.06438532793598425,0.7998408404166667,0,2021,1,7,12
0.15470513488777754,0.2020861080753018,0.8297227652777778,0,2021,1,7,18
0.1085731376464338,0.137800102666929,0.8642141469444444,0,2021,1,8,0
0.4266982302511498,0.5470678869740969,0.8642665801388889,0,2021,1,8,6
0.3170005057454762,0.4076030619310606,0.8616341222222222,0,2021,1,8,12
0.10192884753055481,0.133824479562638,0.8448111504166667,0,2021,1,8,18
0.3592228544734364,0.46640356435660063,0.8549408445833334,0,2021,1,9,0
0.1976486995415772,0.25805639181460843,0.8437681963888889,0,2021,1,9,6
0.2485489623915353,0.3246558111338011,0.8489465083333333,0,2021,1,9,12
0.23073688008971763,0.3017665761932509,0.8467856408333333,0,2021,1,9,18
0.19698942566434943,0.2576335206384972,0.8484026854166666,0,2021,1,10,0
0.203591131566481,0.2669456925576395,0.8349408695833334,0,2021,1,10,6
0.17781711009971446,0.23653217275639626,0.83341718375,0,2021,1,10,12
0.08510194889989427,0.11416592026218336,0.8239337569444445,0,2021,1,10,18
0.1160786324780257,0.15541681666318932,0.819482931388889,0,2021,1,11,0
0.07392957456868177,0.10150819598450411,0.8072123486111111,0,2021,1,11,6
0.091637455997565,0.12379992795716695,0.8196504455555556,0,2021,1,11,12
0.16318077568755773,0.2187919440845209,0.8248692127777777,0,2021,1,11,18
0.1972265716877324,0.25957999560196143,0.8416795645833334,0,2021,1,12,0
0.1991904122670677,0.26329691547325895,0.8378790323611112,0,2021,1,12,6
0.17473116004067887,0.23159461912438614,0.8358047729166667,0,2021,1,12,12
0.03758053766106984,0.05515709521527288,0.7006281015277778,0,2021,1,12,18
0.0224382684845028,0.03584508059419044,0.6923138463888888,0,2021,1,13,0
0.02540890159542294,0.0378643062804462,0.7423726406944444,0,2021,1,13,6
0.07595202707931763,0.10364303365953415,0.7934373363888888,0,2021,1,13,12
0.0349566567801975,0.04769785631699718,0.8120442763888889,0,2021,1,13,18
0.13818792131524596,0.1880691530448813,0.8145486013888888,0,2021,1,14,0
0.06953937633480851,0.09526795983152875,0.8084922152777778,0,2021,1,14,6
0.030399752738705283,0.04161009808437534,0.8101983902777777,0,2021,1,14,12
0.13354363802025246,0.181476121459026,0.8180174943055555,0,2021,1,14,18
0.1513213676063844,0.2007905292647475,0.83541105875,0,2021,1,15,0
0.12248891644706633,0.16430472385772474,0.8264486170833334,0,2021,1,15,6
0.25532461764863235,0.3337812056363744,0.8477155590277778,0,2021,1,15,12
0.15969821238974208,0.21257463472445542,0.8326048973611111,0,2021,1,15,18
0.16001387673041984,0.20910463777524535,0.8493842273611111,0,2021,1,16,0
0.19355322584463114,0.2519269311334054,0.8463848591666667,0,2021,1,16,6
0.04466924306458278,0.06075856871898492,0.809019565138889,0,2021,1,16,12
0.12811687270917774,0.17441823616258492,0.81039319,0,2021,1,16,18
0.03246090052060836,0.045373472366394,0.7899238566666666,0,2021,1,17,0
0.03343637256253764,0.046660311994059,0.7857348231944444,0,2021,1,17,6
0.15653897477297837,0.20776568759056685,0.8373694831944445,0,2021,1,17,12
0.1638569344830063,0.2153345231401038,0.8427331056944445,0,2021,1,17,18
0.24419204243097414,0.3196012188998091,0.8476662240277777,0,2021,1,18,0
0.2020827241012127,0.26614679090626986,0.8413683027777777,0,2021,1,18,6
0.13542633469130616,0.17932704203924713,0.8383376047222222,0,2021,1,18,12
0.09518892356219574,0.12836572793518722,0.7982372170833334,0,2021,1,18,18
0.06707138819415216,0.0915862082513028,0.8109335941666667,0,2021,1,19,0
0.10305396068972292,0.13850845136751336,0.8186119859722223,0,2021,1,19,6
0.08556905761887365,0.1165454564157123,0.8137221629166667,0,2021,1,19,12
0.11628828995332069,0.15731012970801805,0.821639425,0,2021,1,19,18
0.1533322473546831,0.2038990998654374,0.8333467886111111,0,2021,1,20,0
0.288225624435769,0.33963142915935435,0.8315137155555556,0,2021,1,20,6
0.3544136937918112,0.4479596487488621,0.8770287379166667,0,2021,1,20,12
0.19103661000033006,0.24873618134653544,0.8487621334722222,0,2021,1,20,18
0.14863737603709098,0.19790948201639375,0.8245804673611112,0,2021,1,21,0
0.11887172859671086,0.16022129613712008,0.8217029376388889,0,2021,1,21,6
0.22752637228042685,0.29232922593955457,0.8430298923611111,0,2021,1,21,12
0.24824421823966653,0.3189425903569199,0.8581946001388889,0,2021,1,21,18
0.20068904345250804,0.2611131988813267,0.8494894898611112,0,2021,1,22,0
0.18840139408819057,0.24527868868558825,0.8426615484722223,0,2021,1,22,6
0.0281709127496889,0.03984380213602272,0.7823875879166667,0,2021,1,22,12
0.02321297760213978,0.034355179284467935,0.727472887361111,0,2021,1,22,18
0.023373552727359123,0.035949001533300724,0.7169123266666666,0,2021,1,23,0
0.02339699786504868,0.03507688467713394,0.7352346556944444,0,2021,1,23,6
0.10280033253723786,0.13735539688277676,0.8177821915277778,0,2021,1,23,12
0.16393023494058773,0.21666018037267692,0.8162912318055555,0,2021,1,23,18
0.02589655718812074,0.03763221398940348,0.7551583452777778,0,2021,1,24,0
0.036096770369559356,0.04990452628753704,0.7959895043055556,0,2021,1,24,6
0.28311124599923915,0.35612240494639164,0.8010799413888888,0,2021,1,24,12
0.02468945532766728,0.0354956537032011,0.7707372256944445,0,2021,1,24,18
0.02428945756817412,0.03456017400707586,0.7776895015277777,0,2021,1,25,0
0.01695968240484018,0.02406028754027886,0.7797419494444444,0,2021,1,25,6
0.20928157793632435,0.2704755737147957,0.8354847338888889,0,2021,1,25,12
0.08158351695717132,0.10649536975926593,0.8082091116666666,0,2021,1,25,18
0.0327461135002209,0.04597917083265432,0.787156298611111,0,2021,1,26,0
0.03248937365596128,0.0461134080631782,0.7791381561111111,0,2021,1,26,6
0.00867526994775294,0.01232232465124836,0.7790249894444444,0,2021,1,26,12
0.04034753438533638,0.05715008020928677,0.7805483,0,2021,1,26,18
0.030016022578485305,0.0419228461032048,0.78225381875,0,2021,1,27,0
0.17474348689840488,0.22875671474879777,0.8342554145833333,0,2021,1,27,6
0.2666405742799852,0.34625358219270996,0.851068819861111,0,2021,1,27,12
0.07604921034846696,0.1028556264244956,0.8196245895833333,0,2021,1,27,18
0.14533177534304947,0.19641399378286686,0.8173642409722222,0,2021,1,28,0
0.0815306469193137,0.11148839006355073,0.8093263006944444,0,2021,1,28,6
0.07067735099228982,0.0969065059784472,0.7684185511111111,0,2021,1,28,12
0.015525192105949381,0.02479099199420334,0.6906546851388888,0,2021,1,28,18
0.02212197670691976,0.035309696985693834,0.6915606833333334,0,2021,2,1,0
0.02212715038534536,0.03527294145939486,0.6924409668055556,0,2021,2,1,6
0.02199007067093874,0.033187132549520465,0.7659333890277777,0,2021,2,1,12
0.00004986620466930001,0.000070717334895,0.7798788695833333,0,2021,2,1,18
0.02878674689033064,0.04080153490981278,0.7825952141666667,0,2021,2,2,0
0.06782682881118576,0.09375747644996983,0.8091765831944444,0,2021,2,2,6
0.0102169487392548,0.015330759021850802,0.7455252916666667,0,2021,2,2,12
0.13046223219939523,0.17772897417084665,0.8207470434722223,0,2021,2,2,18
0.03787841173225764,0.05128332394449132,0.8164701663888888,0,2021,2,3,0
0.1713417799489499,0.2326752107412233,0.8109157341666666,0,2021,2,3,6
0.08060534048146512,0.11035618039061389,0.7838109969444444,0,2021,2,3,12
0.07689689799542425,0.10315355657491704,0.8254314261111112,0,2021,2,3,18
0.21554051450905837,0.2876637314521736,0.8309538893055556,0,2021,2,4,0
0.12265214693965135,0.16511438047606453,0.8223295461111112,0,2021,2,4,6
0.11824619099785393,0.15906272413739664,0.82266485,0,2021,2,4,12
0.08582578523543033,0.1158837565671102,0.8187611333333333,0,2021,2,4,18
0.09395795785154916,0.1272102863590661,0.8129956663888889,0,2021,2,5,0
0.07731579043616886,0.10410789468646751,0.8084091622222223,0,2021,2,5,6
0.028707455644290843,0.0396348231191931,0.8012288829166666,0,2021,2,5,12
0.009946123998024421,0.01373108961373866,0.8023130850000001,0,2021,2,5,18
0.0066219764436648,0.00914019942604464,0.80235237,0,2021,2,6,0
0.1387683686589239,0.19129155054732613,0.8110523661111111,0,2021,2,6,6
0.10199339018782044,0.13782884172430213,0.8189134330555556,0,2021,2,6,12
0.1723514886300168,0.23290541289426672,0.81890688,0,2021,2,6,18
0.02126962842826416,0.029332408206315663,0.7952204513888889,0,2021,2,7,0
0.1405436565716429,0.1853925032628742,0.8085644331944445,0,2021,2,7,6
0.30758796978983605,0.39187726317606963,0.8695196983333333,0,2021,2,7,12
0.21542386086786502,0.2794745485928166,0.8456243923611111,0,2021,2,7,18
0.19103250853747297,0.2525277605772341,0.83770651,0,2021,2,8,0
0.18608711435747186,0.24588330290149862,0.8377408401388889,0,2021,2,8,6
0.19280427498731154,0.2534377756444401,0.8387881777777778,0,2021,2,8,12
0.026333175053602862,0.037456507642249746,0.7772163031944445,0,2021,2,8,18
0.09479613145272985,0.12357176374421537,0.8414594031944445,0,2021,2,9,0
0.28285378849169923,0.36489638607679115,0.8583903875,0,2021,2,9,6
0.27618827890813236,0.35556242731413856,0.8612773443055555,0,2021,2,9,12
0.2474187278000226,0.32040963600917677,0.8546071565277777,0,2021,2,9,18
0.17884399156468225,0.2366108184263389,0.8366362325,0,2021,2,10,0
0.1232737698699054,0.16237232990168615,0.8386242447222222,0,2021,2,10,6
0.3203348317138105,0.41695464328463105,0.8545287272222222,0,2021,2,10,12
0.25935891983967163,0.33679909537451974,0.8528448127777778,0,2021,2,10,18
0.16059880481599864,0.21150411625676385,0.83541068875,0,2021,2,11,0
0.17831496704790714,0.237501118912227,0.8321084418055555,0,2021,2,11,6
0.1354126178389026,0.18023961313770953,0.8315593397222222,0,2021,2,11,12
0.1584794112837161,0.21072510002011938,0.83238861375,0,2021,2,11,18
0.1697627747474503,0.22584029113907547,0.83178778625,0,2021,2,12,0
0.15448080030886494,0.20577700076659414,0.8277598236111111,0,2021,2,12,6
0.1863795354190716,0.244924533729371,0.8375673152777777,0,2021,2,12,12
0.21194687398006237,0.27567540775416854,0.8498637651388888,0,2021,2,12,18
0.17436570843032526,0.23116567021913356,0.8310353872222223,0,2021,2,13,0
0.20650143597874182,0.27122366746879306,0.8429517561111112,0,2021,2,13,6
0.10590604176851431,0.14286704137901035,0.8178079758333333,0,2021,2,13,12
0.08202888939198343,0.11027020388206649,0.8190652054166666,0,2021,2,13,18
0.16852275133514605,0.223710202078547,0.8338576191666667,0,2021,2,14,0
0.1655962183348223,0.2201294997997474,0.8322640455555556,0,2021,2,14,6
0.16738909134271146,0.22236049807457667,0.8332372674999999,0,2021,2,14,12
0.0496248784352721,0.06614104292823174,0.82759111125,0,2021,2,14,18
0.23260724983290398,0.31108449323372966,0.825345447361111,0,2021,2,15,0
0.17798668273582996,0.23573424363386689,0.8354187665277778,0,2021,2,15,6
0.14543036183447636,0.19435650537008892,0.8274732481944445,0,2021,2,15,12
0.08985164886891864,0.12220060702229281,0.8130849875,0,2021,2,15,18
0.044501912831637,0.06130667397127344,0.8029642713888889,0,2021,2,16,0
0.06959513457467789,0.09560751636634758,0.8051954741666667,0,2021,2,16,6
0.044347717322674625,0.061083067913845136,0.8022769425,0,2021,2,16,12
0.251784902707745,0.3250493175046933,0.8514346077777778,0,2021,2,16,18
0.14732284332502654,0.18949481144409672,0.8584075,0,2021,2,17,0
0.3104575381292531,0.40450915253622205,0.8451582045833334,0,2021,2,17,6
0.23188986990095975,0.3045077054671113,0.8424597475,0,2021,2,17,12
0.21516914657663683,0.285789872126169,0.8330136970833333,0,2021,2,17,18
0.15409709642325756,0.20603255731662817,0.8256344927777778,0,2021,2,18,0
0.178825379868744,0.23430604737587052,0.8369683691666666,0,2021,2,18,6
0.22166946784691605,0.286275900341868,0.8412653977777778,0,2021,2,18,12
0.0234727262730987,0.03311892006919974,0.7792552347222222,0,2021,2,18,18
0.01483331919535884,0.0206591012932086,0.7907773188888889,0,2021,2,19,0
0.02412441800135964,0.0337120227747603,0.790745181111111,0,2021,2,19,6
0.04754168963067546,0.06637434833238678,0.7926397997222222,0,2021,2,19,12
0.0612058228563762,0.084311924037033,0.8029829026388889,0,2021,2,19,18
0.02670352760056608,0.036721337771834096,0.8038693070833334,0,2021,2,20,0
0.09573375259902978,0.13099411085277587,0.8087054830555556,0,2021,2,20,6
0.08630223778748645,0.11676136545113579,0.8143391726388889,0,2021,2,20,12
0.09627284781819048,0.13101661791503807,0.8125780452777778,0,2021,2,20,18
0.013047527916259322,0.017684819517410282,0.8158047922222222,0,2021,2,21,0
0.18752671669750104,0.253851079678032,0.8173294305555555,0,2021,2,21,6
0.11731569107867118,0.15773644658424876,0.8222250499999999,0,2021,2,21,12
0.03857801524293162,0.053734147464949256,0.7825888468055555,0,2021,2,21,18
0.030660486141985983,0.043021517833636023,0.7861059573611111,0,2021,2,22,0
0.00326348275414896,0.0045166101312646804,0.7998313533333333,0,2021,2,22,6
0,0,0.79997083,0,2021,2,22,12
0.12087242116512191,0.16697342689299935,0.798758445,0,2021,2,22,18
0.03695227765695432,0.05093805247327248,0.806071208888889,0,2021,2,23,0
0.09635333134707,0.13107650170507962,0.8011377722222223,0,2021,2,23,6
0.01617167686123662,0.02258226928796664,0.8003808604166667,0,2021,2,23,12
0.11042554839976643,0.15054149456464752,0.8104914072222222,0,2021,2,23,18
0.07401180429356197,0.10103688333848501,0.8083567576388888,0,2021,2,24,0
0.07880034465236394,0.1078684974531609,0.8078205330555555,0,2021,2,24,6
0.025428923392726562,0.03443307687263472,0.8156172419444444,0,2021,2,24,12
0.1690248839249725,0.2296431874975986,0.8098224654166667,0,2021,2,24,18
0.04039415625993504,0.055561957456841525,0.804753951111111,0,2021,2,25,0
0.057578169984994085,0.07852340055655271,0.8099849786111111,0,2021,2,25,6
0.08518385686637413,0.11635279813354771,0.8075863694444444,0,2021,2,25,12
0.03389050009702764,0.04638838158193535,0.8067475505555556,0,2021,2,25,18
0.0908351288532891,0.12478828790667634,0.7996349877777778,0,2021,2,26,0
0.04030421410803816,0.05576645953299264,0.7978990444444445,0,2021,2,26,6
0.0058844617181433,0.0080841693289971,0.8070536009722222,0,2021,2,26,12
0.05008316463964152,0.06851195229257531,0.8078938944444444,0,2021,2,26,18
0.27518322884033714,0.36336989978281486,0.8368802980555556,0,2021,2,27,0
0.15653410087134498,0.20800495497341928,0.8324689115277777,0,2021,2,27,6
0.09143454665421138,0.12535463638991284,0.5659847805555556,0,2021,2,27,12
0.00561153014009556,0.017890514196693,0.34492086819444445,0,2021,2,27,18
0.00558010670688834,0.01825050990134124,0.3337804993055556,0,2021,2,28,0
0.005171629965181741,0.0167188846318896,0.33760096597222217,0,2021,2,28,6
0.00580172721303246,0.018649266951462,0.33930991055555554,0,2021,2,28,12
0.0049525389825121205,0.01549971733344072,0.34127542527777777,0,2021,2,28,18
0.0015267482165133598,0.0050015723497644,0.32669555111111115,0,2021,2,29,0
0.006076012827560821,0.01861168758790578,0.3636702922222222,0,2021,2,29,6
0.007391977684444381,0.0194110196133669,0.4229538452777778,0,2021,2,29,12
0.00246605248517586,0.006189234484087799,0.4386767593055556,0,2021,2,29,18
0.01740452835391554,0.04288936914205902,0.44845781500000004,0,2021,2,30,0
0.01221970776305568,0.0248175862223982,0.5445942990277778,0,2021,2,30,6
0.015524536294234621,0.0298887763512006,0.5735567145833333,0,2021,2,30,12
0.01831323388911138,0.03476909184744684,0.5816114202777778,0,2021,2,30,18
0.01173048166814526,0.0198864877288038,0.6071702297222221,0,2021,2,31,0
0.02020468184804724,0.0336920563200225,0.6768050393055556,0,2021,2,31,6
0.02280166116430218,0.03290683112556912,0.7674453444444445,0,2021,2,31,12
0.02698712369966586,0.03898072830345036,0.766937875,0,2021,2,31,18
0.02392129605350244,0.03426946902160086,0.7819034840277778,0,2021,3,1,0
0.03728873279252994,0.05193020271649308,0.7969548916666667,0,2021,3,1,6
0.0494643583369695,0.06813746944639427,0.8053395006944445,0,2021,3,1,12
0.0494827559895216,0.06757893728282399,0.8159438166666667,0,2021,3,1,18
0.14338927536350812,0.1944283217390296,0.8119907126388889,0,2021,3,2,0
0.06453443697709962,0.08863224733970743,0.807172393611111,0,2021,3,2,6
0.0352878693040578,0.04805642032944672,0.8163920344444445,0,2021,3,2,12
0.1502672221508829,0.20322146253205198,0.8192085447222222,0,2021,3,2,18
0.11526444272021291,0.15630660197762086,0.8145899322222223,0,2021,3,3,0
0.04323912891705168,0.05956502089418928,0.794322965,0,2021,3,3,6
0.4081312471548856,0.4688662313103609,0.8761776265277779,0,2021,3,3,12
0.0405706042144494,0.05430252769493136,0.8102459194444445,0,2021,3,3,18
0.2409727721020008,0.2992080323776946,0.8415535108333334,0,2021,3,4,0
0.6306309214822375,0.7313983995665798,0.9373963620833332,0,2021,3,4,6
0.2600594733924673,0.3356566229186423,0.8500171795833333,0,2021,3,4,12
0.5516094613189392,0.6426022463574894,0.9395705093055555,0,2021,3,4,18
0.4652352376294261,0.5597952323149338,0.9156060519444446,0,2021,3,5,0
0.5589800740659882,0.6850007725569008,0.9026330327777777,0,2021,3,5,6
0.3367125025720411,0.4246180939501701,0.8593829463888889,0,2021,3,5,12
0.04156088880321372,0.05567699153656788,0.7754512025,0,2021,3,5,18
0.12229006435771872,0.1619041527863625,0.8125145459722223,0,2021,3,6,0
0.2453821330614835,0.31862738693375126,0.8522582983333333,0,2021,3,6,6
0.18764045151450828,0.2438672461783381,0.8515456673611111,0,2021,3,6,12
0.27949075895665876,0.3643721041469368,0.8488286097222222,0,2021,3,6,18
0.21437623889700883,0.2804451754783386,0.8457165606944445,0,2021,3,7,0
0.109440908887173,0.14366884487685383,0.8419904727777778,0,2021,3,7,6
0.29319589734484824,0.3858421092025813,0.8402778798611111,0,2021,3,7,12
0.17435996838538692,0.2302828803958863,0.8370611543055556,0,2021,3,7,18
0.197605742931737,0.26167205235148283,0.8351595755555556,0,2021,3,8,0
0.17533760476136154,0.2323581507113643,0.8345106290277777,0,2021,3,8,6
0.02381305425713358,0.03648701788870116,0.7196227552777779,0,2021,3,8,12
0.02444061443750292,0.03580042266163788,0.7510975806944444,0,2021,3,8,18
0.02275242739180992,0.032472556910162875,0.7774242666666666,0,2021,3,9,0
0,0,0.77745453,0,2021,3,9,6
0.061490569219267495,0.08731631084533427,0.7786808290277778,0,2021,3,9,12
0.02779609309263306,0.03929667912901314,0.7814856781944445,0,2021,3,9,18
0.0203287120631877,0.0285762824251725,0.7870668998611111,0,2021,3,10,0
0.05650967024556684,0.07754104944379975,0.8009956666666667,0,2021,3,10,6
0.1257490989777807,0.16926206421267936,0.8210021829166667,0,2021,3,10,12
0.1431409037656756,0.1906474465580727,0.830222322361111,0,2021,3,10,18
0.18481549265475228,0.24459659328632843,0.8360259048611112,0,2021,3,11,0
0.14115804578793073,0.18672222868248958,0.8363262322222221,0,2021,3,11,6
0.2088919891591217,0.27654308665186705,0.8357117461111111,0,2021,3,11,12
0.1638103586030373,0.21696632866742915,0.8354076779166667,0,2021,3,11,18
0.16027275725831472,0.21163721902056193,0.838531252361111,0,2021,3,12,0
0.2112821917324896,0.2790242909800698,0.8370028873611112,0,2021,3,12,6
0.14739458341874195,0.1948794768162642,0.8259975508333333,0,2021,3,12,12
0.04218218104842156,0.057757467961642744,0.7821449752777778,0,2021,3,12,18
0.08088346341507534,0.10977103590563377,0.8138440441666667,0,2021,3,13,0
0.13361993762427768,0.1801792341116895,0.8195341580555556,0,2021,3,13,6
0.14851322759301785,0.19858256545331096,0.8258406013888888,0,2021,3,13,12
0.12402529558995415,0.1660507179364189,0.822686926111111,0,2021,3,13,18
0.055898015303536025,0.076828973897571,0.7943347923611112,0,2021,3,14,0
0.05341106117153148,0.07326327656241059,0.8051876248611111,0,2021,3,14,6
0.05896572039935994,0.07972883171871947,0.8169148156944445,0,2021,3,14,12
0.17501632166669231,0.23431364806876745,0.8279938884722222,0,2021,3,14,18
0.16135647651888205,0.2141760680430096,0.8344315670833333,0,2021,3,15,0
0.2054921913558104,0.2711360977700185,0.838952653888889,0,2021,3,15,6
0.029228460213679863,0.04027300217102808,0.7948755641666667,0,2021,3,15,12
0.11866518058025773,0.15783173012689555,0.825922455,0,2021,3,15,18
0.14005227601824685,0.1848715004729259,0.8387913106944445,0,2021,3,16,0
0.11911013330978672,0.15904426776177283,0.8182685805555556,0,2021,3,16,6
0.16609589658755347,0.21743350325824032,0.7958546079166666,0,2021,3,16,12
0.029627293831811403,0.04199163326684796,0.7784811015277778,0,2021,3,16,18
0.024446325663565503,0.0350430342936618,0.7773133726388889,0,2021,3,17,0
0.07877494530977562,0.1074610319868564,0.8074742938888888,0,2021,3,17,6
0.1573408227583461,0.2093665467087987,0.8316535426388889,0,2021,3,17,12
0.04398719941959132,0.05988270425414292,0.8112240319444444,0,2021,3,17,18
0.10466089741677749,0.14290582068022278,0.8075928597222223,0,2021,3,18,0
0.044027443437313324,0.06121035835643705,0.7908598855555556,0,2021,3,18,6
0.08510288180445132,0.11417221272955404,0.8103910225,0,2021,3,18,12
0.05629482936336258,0.07771450227025752,0.7989968027777778,0,2021,3,18,18
0.0270267054307848,0.03652158163802976,0.8186082533333333,0,2021,3,19,0
0.18003254424863857,0.24390657785829242,0.8137157777777778,0,2021,3,19,6
0.06082040759538708,0.08254641710900665,0.8131757113888889,0,2021,3,19,12
0.007435042221049921,0.01009958336036928,0.81085343,0,2021,3,19,18
0.1343431265081787,0.18333592474537452,0.8035509113888888,0,2021,3,20,0
0.054515338066049336,0.07509784661442083,0.7895968404166667,0,2021,3,20,6
0.0458721667437066,0.06451316920431456,0.7875346372222222,0,2021,3,20,12
0.0399157773800727,0.05527119484392114,0.7955709072222221,0,2021,3,20,18
0.028987842400019764,0.04033527374398607,0.7991432136111111,0,2021,3,21,0
0.2976909661294433,0.38224735695002265,0.8594530211111111,0,2021,3,21,6
0.06850963146822996,0.09068776749361201,0.7938407490277778,0,2021,3,21,12
0.03594063401981844,0.0503980511241969,0.7889627361111111,0,2021,3,21,18
0.08536124427800874,0.1164358784655531,0.8072780986111111,0,2021,3,22,0
0.07645683754778257,0.10389274371364415,0.8136915761111111,0,2021,3,22,6
0.09223551586741141,0.1255354659932169,0.8103260993055555,0,2021,3,22,12
0.07235259265887216,0.09871880785558523,0.7968228155555556,0,2021,3,22,18
0.03174401288906154,0.04537452234098388,0.7711909576388889,0,2021,3,23,0
0.022060058426999943,0.03199017722396502,0.7639691029166666,0,2021,3,23,6
0.030797222587365485,0.0446376774222714,0.7615566069444444,0,2021,3,23,12
0.0208056334616829,0.02982184468515288,0.7713765952777778,0,2021,3,23,18
0.02834445408998112,0.04041322094417196,0.7764194759722223,0,2021,3,24,0
0.03235050146639952,0.045582540474105544,0.7841622580555555,0,2021,3,24,6
0.0214261185225468,0.030136651328619844,0.7851402730555557,0,2021,3,24,12
0.02937975498192564,0.041336156653724705,0.7850959279166667,0,2021,3,24,18
0.027258015119826243,0.038315571505215605,0.7858338251388889,0,2021,3,25,0
0.02198302085826738,0.03072188562277122,0.7922464791666667,0,2021,3,25,6
0.04103495270704104,0.05719936840794372,0.7924913722222222,0,2021,3,25,12
0.02981790107251572,0.04150723544371644,0.7937136874999999,0,2021,3,25,18
0.0618119001377814,0.08428120675811297,0.810698854861111,0,2021,3,26,0
0.07113711454252651,0.09670026404767254,0.7929262893055555,0,2021,3,26,6
0.028421321587382697,0.039727247364153305,0.7912334084722222,0,2021,3,26,12
0.07480525131708246,0.10171660021234818,0.8131611297222222,0,2021,3,26,18
0.1280697893525406,0.17119166585155937,0.8212818625,0,2021,3,27,0
0.029739499861375623,0.0391768148620857,0.7963729122222223,0,2021,3,27,6
0.04152476218584168,0.05775622191549,0.79575568875,0,2021,3,27,12
0.08244468172277286,0.11243064290441322,0.8105728693055556,0,2021,3,27,18
0.08249979149096215,0.11213456550924732,0.8130989248611111,0,2021,3,28,0
0.09462565283163804,0.1288800643670058,0.8113612655555555,0,2021,3,28,6
0.06897919795871083,0.09440456961983551,0.8071108908333333,0,2021,3,28,12
0.0296561263320432,0.04118119189645248,0.7977797066666666,0,2021,3,28,18
0.03640212433494792,0.05061697623635412,0.794084921388889,0,2021,3,29,0
0.023441189642860502,0.033067781326355045,0.784272455,0,2021,3,29,6
0.04022096877878286,0.05580405198434803,0.7947867144444445,0,2021,3,29,12
0.07357529831016474,0.10098051036236567,0.8055359338888889,0,2021,3,29,18
0.059137596687557754,0.07994469018794964,0.8143168627777778,0,2021,3,30,0
0.07512374697470592,0.10283011642815396,0.8072952368055556,0,2021,3,30,6
0.04326566254712748,0.05919678248860884,0.8080835944444444,0,2021,3,30,12
0.13579091059468176,0.18368934348527088,0.81555583625,0,2021,3,30,18
0.039885100626839885,0.054800277581899266,0.8025729391666666,0,2021,4,1,0
0.16193059696618176,0.21395862762596984,0.824168596388889,0,2021,4,1,6
0.24153022405292413,0.3135923305026785,0.85167162625,0,2021,4,1,12
0.19130999863719444,0.2519032538641123,0.83823682,0,2021,4,1,18
0.12439571634115608,0.1669329431288686,0.8233356959722222,0,2021,4,2,0
0.13995195355949896,0.18801285876398105,0.8225461911111112,0,2021,4,2,6
0.13242464703983226,0.1778193982207285,0.8229134448611111,0,2021,4,2,12
0.06959450610859962,0.09452942355597924,0.7986017018055556,0,2021,4,2,18
0.049451117493680335,0.06820218566092777,0.7967209716666667,0,2021,4,3,0
0.07664229721105069,0.10486998298724244,0.8072428384722222,0,2021,4,3,6
0.09016994008629281,0.12166597235760428,0.8185623040277777,0,2021,4,3,12
0.08035588966815396,0.10821165335540604,0.8195376783333334,0,2021,4,3,18
0.0737122656152352,0.10035035477097025,0.8114858477777778,0,2021,4,4,0
0.0985858337901594,0.13420578246461334,0.8085231034722222,0,2021,4,4,6
0.0183124003648578,0.025376356113928678,0.7951636291666666,0,2021,4,4,12
0.07965538063295995,0.10592831790260862,0.8151337572222223,0,2021,4,4,18
0.04940714059572516,0.06849148948943538,0.7890905476388889,0,2021,4,5,0
0.049739321841995456,0.06787927699589148,0.8110863818055556,0,2021,4,5,6
0.07172397360244333,0.0970740273780435,0.8013748519444445,0,2021,4,5,12
0.05350299840712992,0.07313446690427436,0.8125400444444444,0,2021,4,5,18
0.11404122932401663,0.15505476021039197,0.7906838708333334,0,2021,4,6,0
0.03623227654175742,0.05145488473361976,0.7766364298611111,0,2021,4,6,6
0.02755423883325024,0.03809232938468976,0.7984116819444445,0,2021,4,6,12
0.0437138341574598,0.06021250976567226,0.8023477331944444,0,2021,4,6,18
0.06347397380807389,0.08729073641457173,0.8039348063888888,0,2021,4,7,0
0.10107247296089723,0.13739470327177883,0.8145767075000001,0,2021,4,7,6
0.08368026729894666,0.11334860803239984,0.8135140240277777,0,2021,4,7,12
0.17881287711199187,0.2398256335167541,0.8266983816666666,0,2021,4,7,18
0.055353617008065244,0.073981872835641,0.822089676388889,0,2021,4,8,0
0.22533919784085685,0.30064599319366225,0.8239751134722222,0,2021,4,8,6
0.1866809887981836,0.2461893528174738,0.8380171577777777,0,2021,4,8,12
0.02162261448970722,0.02846315384746488,0.8404553384722222,0,2021,4,8,18
0.23426311769704722,0.3105826005401911,0.7846139851388889,0,2021,4,9,0
0.0257233795512726,0.03665341201245852,0.7733472788888889,0,2021,4,9,6
0.0228107323472013,0.0324863151228276,0.7741420834722222,0,2021,4,9,12
0.01982391314844444,0.02817658184489502,0.7764164987500001,0,2021,4,9,18
0.02906633469537978,0.041183839055842685,0.7812727061111111,0,2021,4,10,0
0.01067203954007202,0.01477014787696668,0.7975839173611111,0,2021,4,10,6
0.1670212173298294,0.22600084496665435,0.8164878984722221,0,2021,4,10,12
0.02621947478938632,0.03593147032298856,0.8066138344444445,0,2021,4,10,18
0.01669996190328624,0.02283809150217024,0.80674442,0,2021,4,11,0
0.2057177325210878,0.2790390083128793,0.8211653766666667,0,2021,4,11,6
0.060288435887973474,0.08091996341952395,0.8226268838888888,0,2021,4,11,12
0.1656248915510674,0.22226437641765528,0.8278492769444443,0,2021,4,11,18
0.24533620781012117,0.32617775848720454,0.8146180937499999,0,2021,4,12,0
0.0012972971311180801,0.0021383331903436797,0.6916751111111111,0,2021,4,12,6
0.00145945927250784,0.00240562483913664,0.69481983,0,2021,4,12,12
0.00145945927250784,0.00240562483913664,0.69481983,0,2021,4,12,18
0.07971342707948112,0.12890609531576888,0.6120420188888889,0,2021,4,13,0
0.02043911225636736,0.03610719109570734,0.6232855083333333,0,2021,4,13,6
0.018837833224136638,0.0318041247448446,0.6512846816666666,0,2021,4,13,12
0.02102583002213136,0.03532383261663822,0.6534282998611112,0,2021,4,13,18
0.018730405871891637,0.031480767318546904,0.6531555166666667,0,2021,4,14,0
0.01811210709478608,0.030340506006580684,0.6560959212499999,0,2021,4,14,6
0.02105385017637756,0.03476669774334504,0.6659134255555555,0,2021,4,14,12
0.00998594602262724,0.01635226550997024,0.671895446388889,0,2021,4,14,18
0.03262334773248479,0.05294131465680036,0.6799492990277778,0,2021,4,15,0
0.018107546414201578,0.029192876545676164,0.6815808459722221,0,2021,4,15,6
0.024070087771593782,0.03829259172841368,0.6943264613888889,0,2021,4,15,12
0.02392128718428714,0.03538422533693412,0.7255367005555555,0,2021,4,15,18
0.0260063248797354,0.03635510103644592,0.7895475115277777,0,2021,4,16,0
0.02828066190025548,0.0396373524952806,0.7861031436111111,0,2021,4,16,6
0.030018063621973616,0.041373053446670104,0.775125438611111,0,2021,4,16,12
0.03814744640749056,0.05746994472093961,0.7162075641666666,0,2021,4,16,18
0.03861213667669878,0.05527536122371308,0.7103080820833333,0,2021,4,17,0
0.03340580024565252,0.04457133574434798,0.7777876223611111,0,2021,4,17,6
0.038918774613192784,0.05531940974150982,0.776547116388889,0,2021,4,17,12
0.03008408305539552,0.0425390790008073,0.7803749073611111,0,2021,4,17,18
0.03187262531364282,0.04510951918709928,0.7792776854166666,0,2021,4,18,0
0.07167617422119336,0.09658194873660769,0.8120289075,0,2021,4,18,6
0.09552619152828132,0.13063641820037333,0.8076070415277777,0,2021,4,18,12
0.0461067958536219,0.06298498241971205,0.8070836862499999,0,2021,4,18,18
0.10905082324092635,0.14906542077633744,0.8079145186111112,0,2021,4,19,0
0.032497013493851166,0.045026987600165824,0.7937307124999999,0,2021,4,19,6
0.01886767646415348,0.02918177672773236,0.705533055,0,2021,4,19,12
0.02740475652337962,0.04074777459028188,0.7399453981944445,0,2021,4,19,18
0.022268647326436318,0.03439677819765864,0.7074775470833333,0,2021,4,20,0
0.03158137567556202,0.048309380380677246,0.7213642740277778,0,2021,4,20,6
0.019357637237176917,0.028893009894640078,0.7368945611111112,0,2021,4,20,12
0.02432086325040642,0.03630537227665842,0.7366634123611111,0,2021,4,20,18
0.01585238376502326,0.02367892273741038,0.73579406375,0,2021,4,21,0
0.02335264146865548,0.03489327962314908,0.7356862833333333,0,2021,4,21,6
0.031001697116443922,0.04437899025365502,0.78271163,0,2021,4,21,12
0.0197345908140399,0.028066927133002018,0.7577064873611111,0,2021,4,21,18
0.0225732745398825,0.03399788348449266,0.7268808441666667,0,2021,4,22,0
0.02266433529751782,0.03561923970306024,0.6969609804166667,0,2021,4,22,6
0.018916319157778798,0.0298141303374186,0.6931684577777778,0,2021,4,22,12
0.0243950222203254,0.039390657168886206,0.6764415734722222,0,2021,4,22,18
0.014955835793860799,0.0241879896552996,0.6763383199999999,0,2021,4,23,0
0.0321077018438037,0.042756484923161454,0.6835675818055555,0,2021,4,23,6
0.027548096609152018,0.045196735779901076,0.6663905461111111,0,2021,4,23,12
0.01846358864148906,0.028554733439598898,0.70600973,0,2021,4,23,18
0.025053045155046597,0.040174293205270314,0.7021172066666667,0,2021,4,24,0
0.01441392648353664,0.023381267346741,0.6821611834722222,0,2021,4,24,6
0.024162860619637083,0.03684623244155735,0.7174679986111111,0,2021,4,24,12
0.01295868535070424,0.01953051487266588,0.7250832534722221,0,2021,4,24,18
0.01591097952376944,0.024344788005603298,0.6982222345833333,0,2021,4,25,0
0.00577764821585088,0.00904993772639472,0.70906766,0,2021,4,25,6
0.00577764821585088,0.00904993772639472,0.70906766,0,2021,4,25,12
0.0513251362055592,0.07908056837508023,0.708629035,0,2021,4,25,18
0.04471343554716726,0.06854179271440818,0.7196275409722221,0,2021,4,26,0
0.02979065881533174,0.04496523757817376,0.7244677055555555,0,2021,4,26,6
0.01363157980751508,0.02059398982098396,0.7237343180555555,0,2021,4,26,12
0.0365821433466885,0.05545425641722614,0.7199575480555556,0,2021,4,26,18
0.02318867283207222,0.03589172733223578,0.7037215761111111,0,2021,4,27,0
0.11327980111052852,0.15292182163772328,0.7959123077777778,0,2021,4,27,6
0.05193574194678408,0.07001980739725693,0.8063612340277778,0,2021,4,27,12
0.08947212633378551,0.12281617686085294,0.7995215761111111,0,2021,4,27,18
0.2560357300313588,0.30629599461712487,0.8434856951388888,0,2021,4,28,0
0.5898290390970164,0.6925979876951173,0.9354957376388889,0,2021,4,28,6
0.17308361368497696,0.21543320463786977,0.7884696901388888,0,2021,4,28,12
0.02384835893503668,0.034167858873556806,0.761048897361111,0,2021,4,28,18
0.031464425704605836,0.04536390351682662,0.7585708444444444,0,2021,4,29,0
0.026090633786156763,0.0337117400196993,0.7606624418055555,0,2021,4,29,6
0.016988285509926,0.02447144938649388,0.75941908375,0,2021,4,29,12
0.03347743780585866,0.04819996824494016,0.7596599627777778,0,2021,4,29,18
0.029901150502817577,0.04307947413264846,0.7594389181944444,0,2021,4,30,0
0.02079680101840134,0.03011279161882758,0.7539420483333333,0,2021,4,30,6
0.03437322837595866,0.05022653355556381,0.7461714681944445,0,2021,4,30,12
0.02525467152164238,0.036921042253669385,0.7473553918055555,0,2021,4,30,18
0.03293134905276048,0.04653607049364468,0.7711764505555556,0,2021,4,31,0
0.43804401130301285,0.5223569990672137,0.8848071225,0,2021,4,31,6
0.6195925616607344,0.7318467352894066,0.9369031244444445,0,2021,4,31,12
0.3309307845189392,0.41817200925335185,0.8679838348611111,0,2021,4,31,18
0.15622696566518154,0.20637555784926198,0.8228568751388888,0,2021,5,1,0
0.06311023970909659,0.08614570576096285,0.7999213626388889,0,2021,5,1,6
0.07763646372733536,0.10486050526573003,0.8013731433333333,0,2021,5,1,12
0.18353861379240582,0.23381521013281617,0.8167808586111112,0,2021,5,1,18
0.028805991777456116,0.04063134980095248,0.7757854091666667,0,2021,5,2,0
0.02843288663424474,0.03985998026261814,0.7804607054166666,0,2021,5,2,6
0.0234422028938616,0.0326681795641686,0.7853959768055556,0,2021,5,2,12
0.040955188967980026,0.05651494331417718,0.7929481802777778,0,2021,5,2,18
0.07823462337792234,0.10507674765110563,0.7998602452777778,0,2021,5,3,0
0.0437116010154453,0.060740255984563195,0.7867089391666666,0,2021,5,3,6
0.02814509781172038,0.039542425729953236,0.7785038094444444,0,2021,5,3,12
0.02836294930491768,0.03969573293231136,0.7816775300000001,0,2021,5,3,18
0.05261208918132138,0.07247210320947822,0.7949014547222223,0,2021,5,4,0
0.046227099906840353,0.06369424856321694,0.7945883605555556,0,2021,5,4,6
0.13003228860582247,0.17476157407350504,0.8147448944444444,0,2021,5,4,12
0.13361163027967446,0.17933274690378895,0.8170079297222222,0,2021,5,4,18
0.10618638485355397,0.14258964809177355,0.8168436359722223,0,2021,5,5,0
0.09826491967977763,0.13275752217084028,0.8079283633333333,0,2021,5,5,6
0.09732546866246508,0.13245923256107653,0.8041903879166666,0,2021,5,5,12
0.08991792314441052,0.12291827830585829,0.7938540315277778,0,2021,5,5,18
0.00869760985407348,0.01211824132525566,0.7849052313888889,0,2021,5,6,0
0.044737870633828676,0.06282025145566572,0.7741772202777777,0,2021,5,6,6
0.02996123623553166,0.04320968450932284,0.7526967025,0,2021,5,6,12
0.0250926108165675,0.03636904629772896,0.7522164020833333,0,2021,5,6,18
0.01144865840734224,0.016611732270971638,0.7517607675,0,2021,5,7,0
0.043892635960056596,0.06321442492287402,0.7606815434722223,0,2021,5,7,6
0.02814655353711048,0.03954405049969572,0.7775067266666666,0,2021,5,7,12
0.01803164987067984,0.02529888483566016,0.7786531466666667,0,2021,5,7,18
0.03360232220267298,0.04717821020605794,0.7776187375,0,2021,5,8,0
0.02806037070774768,0.04006193237729496,0.7683301505555555,0,2021,5,8,6
0.01396543826773818,0.02041772884810458,0.7444762598611111,0,2021,5,8,12
0.034938625985565484,0.05147523894555276,0.7383754236111111,0,2021,5,8,18
0.01562982825120816,0.02303598110644248,0.7383172372222222,0,2021,5,9,0
0.03379431331864296,0.04979716242217001,0.7385029506944445,0,2021,5,9,6
0.01074244949845872,0.01581753116080476,0.7398695911111112,0,2021,5,9,12
0.04391048229888138,0.06439536908644415,0.7437108748611112,0,2021,5,9,18
0.02342839183299288,0.03366414987534174,0.7600445136111111,0,2021,5,10,0
0.020988164799436798,0.030012496209422344,0.7626180356944444,0,2021,5,10,6
0.010342808376181921,0.01480408501850208,0.76211399,0,2021,5,10,12
0.01716142675116852,0.024555602765685237,0.7618726070833334,0,2021,5,10,18
0.04199813655449856,0.06040173130517214,0.7423069658333333,0,2021,5,11,0
0.03522415949148,0.05202815951178,0.7368330863888889,0,2021,5,11,6
0.0280815425431677,0.04152881073014322,0.7357700016666667,0,2021,5,11,12
0.022819185808284778,0.03465489976365618,0.7155222980555556,0,2021,5,11,18
0.02512739174229186,0.038478904199813944,0.7087665502777778,0,2021,5,12,0
0.020722535080188058,0.0319897656422679,0.7033575418055555,0,2021,5,12,6
0,0,0.70599843,0,2021,5,12,12
0,0,0.70599843,0,2021,5,12,18
0.09387452420909945,0.1443436532593301,0.7058802670833333,0,2021,5,13,0
0.024789072349392358,0.03744987412494828,0.7204366430555555,0,2021,5,13,6
0.02365439043686358,0.034942756962329874,0.7385038304166667,0,2021,5,13,12
0.00762957438844416,0.011116980279118858,0.7474736922222223,0,2021,5,13,18
0.03628706656080564,0.05260178598458064,0.7588817226388889,0,2021,5,14,0
0.04827806911972116,0.06741557608469677,0.7857276533333333,0,2021,5,14,6
0.07384300866778207,0.10092018022203371,0.8002802933333333,0,2021,5,14,12
0.08514006817900746,0.11606150918396826,0.8032158641666667,0,2021,5,14,18
0.08465006233899018,0.11539799620576037,0.803170305,0,2021,5,15,0
0.07181063176470984,0.09826926066737167,0.7995751654166666,0,2021,5,15,6
0.056831153743329844,0.07789732305085938,0.7975398356944444,0,2021,5,15,12
0.4207509894184906,0.5056138996899064,0.8830582766666667,0,2021,5,15,18
0.24349807196337586,0.31007403955799406,0.8491385277777778,0,2021,5,16,0
0.08600305424152632,0.11718593969755747,0.8030207354166667,0,2021,5,16,6
0.1566261807225028,0.2063656484991034,0.8223818531944445,0,2021,5,16,12
0.11290961515282254,0.15150724193847437,0.8101273427777778,0,2021,5,16,18
0.052619461826526784,0.0725712137833884,0.7814996162500001,0,2021,5,17,0
0.10509950601226746,0.14213479195551385,0.8084420177777778,0,2021,5,17,6
0.06303748528827978,0.08594631933439122,0.7935422841666667,0,2021,5,17,12
0.11828534524864225,0.15903167872067195,0.8138974916666667,0,2021,5,17,18
0.06872079380843724,0.0937228165610034,0.797902655,0,2021,5,18,0
0.05581949902823664,0.0766948132260132,0.7956695133333334,0,2021,5,18,6
0.06944598400960326,0.09526376877926689,0.7968784579166667,0,2021,5,18,12
0.02246042473033212,0.031426640372894284,0.7796197544444445,0,2021,5,18,18
0.03337802263795344,0.04763034306959568,0.7609427555555555,0,2021,5,19,0
0.035031824916044875,0.04794169523929506,0.8013463533333334,0,2021,5,19,6
0.03367220345735226,0.04672361155060362,0.7866269680555555,0,2021,5,19,12
0.03562210054482384,0.049360485361439034,0.7880648355555555,0,2021,5,19,18
0.03542962216104144,0.04909724758765728,0.78800488,0,2021,5,20,0
0.029128652815911777,0.04053214205294922,0.78433487125,0,2021,5,20,6
0.056943749814320585,0.07754484774361656,0.7972092933333333,0,2021,5,20,12
0.14407959608420176,0.1926869677380165,0.8182846313888889,0,2021,5,20,18
0.1164473411454116,0.15651008057508545,0.8074332227777777,0,2021,5,21,0
0.02558405698297674,0.036021837155011976,0.7658206619444444,0,2021,5,21,6
0.056591203103923564,0.08006364860109492,0.7367052963888889,0,2021,5,21,12
0.03402301902830082,0.0474709815935043,0.7729643823611112,0,2021,5,21,18
0.02077492000190826,0.028827110349960598,0.7486459413888888,0,2021,5,22,0
0.03441813082699566,0.048343921249849445,0.7674811438888889,0,2021,5,22,6
0.024491901032674443,0.03864016632831798,0.6751814147222223,0,2021,5,22,12
0.02193220199455776,0.0353184293398215,0.6697446481944445,0,2021,5,22,18
0.021347886867014578,0.03443863614592836,0.6684533952777778,0,2021,5,23,0
0.02209491595461,0.035489904805179,0.6715198225,0,2021,5,23,6
0.01802801634227136,0.028068970803517983,0.6943475343055555,0,2021,5,23,12
0.01591453344543264,0.02460208932433614,0.6969295570833334,0,2021,5,23,18
0.028349747644381435,0.04386143110499406,0.6986639559722222,0,2021,5,24,0
0.010632932622125998,0.01648517624527392,0.6997411083333334,0,2021,5,24,6
0.025034567038937996,0.0388775955304656,0.6919923216666667,0,2021,5,24,12
0.03962767330233108,0.059877686916269525,0.7296433466666667,0,2021,5,24,18
0.029533207101743397,0.0421320274039878,0.7655566730555555,0,2021,5,25,0
0.02036153010040926,0.029985498998582882,0.7368388918055556,0,2021,5,25,6
0.029235046623117718,0.043066810535371564,0.7365681441666667,0,2021,5,25,12
0.02438999617278258,0.03735559575781776,0.7019934906944445,0,2021,5,25,18
0.008814572639560621,0.014025544397104859,0.6768145325,0,2021,5,26,0
0.0154120048970274,0.02618402813709888,0.6395524168055555,0,2021,5,26,6
0.01848472860812544,0.03204620311764528,0.61558673,0,2021,5,26,12
0.01646290048610322,0.028539642488518917,0.6156103430555555,0,2021,5,26,18
0.01216648166374584,0.020886926560644184,0.6258711081944445,0,2021,5,27,0
0.024509893750797,0.0416962535605812,0.6286129008333333,0,2021,5,27,6
0.0136555122325869,0.02323076984089524,0.6189656170833334,0,2021,5,27,12
0.02471399377113342,0.04326708033283932,0.6105683390277777,0,2021,5,27,18
0.01917767314327356,0.03307298637722706,0.6202170741666666,0,2021,5,28,0
0.01227828388889862,0.0211693232036994,0.6198843587499999,0,2021,5,28,6
0.021183427708511043,0.0364264754986062,0.6258109708333334,0,2021,5,28,12
0.0122213809877001,0.020569175875763103,0.6452352,0,2021,5,28,18
0.01985758017779322,0.03284906744136222,0.64921266,0,2021,5,29,0
0.021254298199733276,0.03515626461399522,0.6492364234722222,0,2021,5,29,6
0.031637353435766645,0.05232676432391196,0.6490870247222222,0,2021,5,29,12
0.01682427726119652,0.02789625213291078,0.649274559861111,0,2021,5,29,18
0.023667974050534377,0.03847673827508838,0.6615387390277778,0,2021,5,30,0
0.014581019276870761,0.02388109792442724,0.6560888077777779,0,2021,5,30,6
0,0,0.65611757,0,2021,5,30,12
0.028288206279128883,0.046145072383683414,0.6598466469444445,0,2021,5,30,18
0.04156634392035264,0.06780500431888176,0.66159703,0,2021,6,1,0
0.02212929831899316,0.03580939673087478,0.6645534297222223,0,2021,6,1,6
0.02241102104340048,0.03528598009923504,0.68387646,0,2021,6,1,12
0.014942140718317919,0.02352497727753216,0.6840276033333333,0,2021,6,1,18
0.02734352275904904,0.043061899349404256,0.6828592455555555,0,2021,6,2,0
0.016275276688763038,0.02585318597770344,0.6755754741666666,0,2021,6,2,6
0.03180840182950446,0.05065111789078986,0.6752231154166667,0,2021,6,2,12
0.02191477527346428,0.0348928513653816,0.6752799391666666,0,2021,6,2,18
0.02191403632895532,0.034892360751695946,0.675264265,0,2021,6,3,0
0.02193399799244616,0.03490825488911718,0.6755869826388889,0,2021,6,3,6
0.02196930004229232,0.03493656525552768,0.67616591,0,2021,6,3,12
0.01024697291249016,0.01629467639129844,0.6761903758333333,0,2021,6,3,18
0.03255498340241274,0.05176870171305138,0.6761479633333334,0,2021,6,4,0
0.024286775250383762,0.037828066309134066,0.6923509955555556,0,2021,6,4,6
0.01096972204634466,0.01671295274698524,0.7083883422222222,0,2021,6,4,12
0.01891615820686488,0.02884401196443918,0.7081960904166666,0,2021,6,4,18
0.025353585082083838,0.03866233316190817,0.7081310093055556,0,2021,6,5,0
0.01707190123271184,0.02603420606952888,0.7081054222222222,0,2021,6,5,6
0.03123473641298502,0.04762961956865136,0.7081451429166666,0,2021,6,5,12
0.00265473003809712,0.00404815516559088,0.7081965544444445,0,2021,6,5,18
0.026138665813485056,0.03984441875331624,0.7123567909722222,0,2021,6,6,0
0.0312708237699117,0.0473374794966879,0.71386304125,0,2021,6,6,6
0.0336762717522126,0.0509788240733562,0.7137425644444444,0,2021,6,6,12
0.02665163595258,0.038926256756256356,0.7422405025000001,0,2021,6,6,18
0.01374048400363116,0.01953675103368678,0.7637600718055555,0,2021,6,7,0
0.03751833319452108,0.05313714403956156,0.7682584408333333,0,2021,6,7,6
0.022901016859770237,0.03247990146142632,0.7673404291666667,0,2021,6,7,12
0,0,0.76902592,0,2021,6,7,18
0.0358059081139998,0.050594363548950895,0.7669266783333334,0,2021,6,8,0
0.04687353667518048,0.06663178449639696,0.7608633055555555,0,2021,6,8,6
0.032684058790019996,0.0466102849160412,0.7598912566666667,0,2021,6,8,12
0,0,0.76052269,0,2021,6,8,18
0.05066094462990858,0.073068198867234,0.74225718375,0,2021,6,9,0
0.0292353963099048,0.04294295191394496,0.73438532,0,2021,6,9,6
0.02883116373548052,0.04236156013003392,0.7343899325,0,2021,6,9,12
0.0195835936173702,0.02882889075158004,0.73524530875,0,2021,6,9,18
0.031875159584770135,0.0468530222591148,0.7362930905555555,0,2021,6,10,0
0.0257327033860008,0.03781134243276912,0.73651326,0,2021,6,10,6
0.0257327033860008,0.03781134243276912,0.73651326,0,2021,6,10,12
0.015010743641833801,0.022056616419115316,0.7365916975,0,2021,6,10,18
0,0,0.73670151,0,2021,6,11,0
0.035107548315762,0.051572816633067,0.7367078016666666,0,2021,6,11,6
0.0280860386526096,0.0412582533064536,0.7367914205555555,0,2021,6,11,12
0,0,0.73679138,0,2021,6,11,18
0.06849507139886057,0.10060590774880326,0.7369856247222222,0,2021,6,12,0
0.03122875077661116,0.044907936871122725,0.75682380875,0,2021,6,12,6
0.030786538419262804,0.04443900238927728,0.7529758599999999,0,2021,6,12,12
0.02460723295830942,0.03664223266678027,0.7266229691666666,0,2021,6,12,18
0.0013758310320499201,0.00200909184002064,0.72621210125,0,2021,6,13,0
0.0211455751915152,0.030065787790980476,0.72528328,0,2021,6,13,6
0.049616838253350365,0.07414638718926642,0.7136129719444444,0,2021,6,13,12
0.01078222315008312,0.01564550275359072,0.6993497811111111,0,2021,6,13,18
0.02623034674224516,0.03873455409546624,0.6969083801388889,0,2021,6,14,0
0.02944380164656776,0.045148693974862264,0.7045838775,0,2021,6,14,6
0.02415062208546954,0.03662981831736288,0.7115347263888889,0,2021,6,14,12
0.02415304557803106,0.03663157924962828,0.7115677875,0,2021,6,14,18
0.00570316145197476,0.0086493146155464,0.7115960620833334,0,2021,6,15,0
0.04244897699626836,0.0643692384166443,0.7117531331944444,0,2021,6,15,6
0.012217003296726599,0.018521836419537,0.7069333808333333,0,2021,6,15,12
0.029237506600833962,0.0445926845948838,0.7116557052777778,0,2021,6,15,18
0.02624860139562432,0.03952168728295824,0.71719453,0,2021,6,16,0
0.02624860139562432,0.03952168728295824,0.71719453,0,2021,6,16,6
0.02624860139562432,0.03952168728295824,0.71719453,0,2021,6,16,12
0.021144706679808483,0.03183691475571636,0.7171863127777778,0,2021,6,16,18
0.026075921684070302,0.039277972146880086,0.7164659405555556,0,2021,6,17,0
0.02858316399023976,0.04307224430863908,0.7163861443055555,0,2021,6,17,6
0.010556098265499478,0.01589038447989288,0.7171759652777778,0,2021,6,17,12
0.028492130002857836,0.04308510432518952,0.7128894611111112,0,2021,6,17,18
0.03379409665999386,0.0511893084451851,0.7101953108333334,0,2021,6,18,0
0.01239466915683102,0.01881126390079698,0.7112949095833333,0,2021,6,18,6
0.01437990536630232,0.02178575018042904,0.709701033611111,0,2021,6,18,12
0.0353088085848057,0.05377003908363108,0.7056703656944445,0,2021,6,18,18
0.02443853152685166,0.03738608380636302,0.7014163975,0,2021,6,19,0
0.01146154077109944,0.017673576403623003,0.698181045,0,2021,6,19,6
0.03195283277979036,0.04928278233767274,0.69746925375,0,2021,6,19,12
0.019759010461849563,0.03057042287324724,0.6925674093055556,0,2021,6,19,18
0.02856031799243922,0.04477647353078202,0.6660716538888889,0,2021,6,20,0
0.0188570543233332,0.03155791688238588,0.6372399797222222,0,2021,6,20,6
0.02618953959511512,0.04384668381069384,0.6368757791666666,0,2021,6,20,12
0.00106819463040552,0.00178919420715684,0.6366704770833334,0,2021,6,20,18
0.00111463787520576,0.0018669852596419198,0.63667138,0,2021,6,21,0
0.05711217211153194,0.09565087194814087,0.6368466751388888,0,2021,6,21,6
0.0231337856792751,0.0357998323596822,0.6910398756944445,0,2021,6,21,12
0.025142841114803097,0.037374917885121955,0.7249135250000001,0,2021,6,21,18
0.02514614467632768,0.0373775859222552,0.72496331,0,2021,6,22,0
0.012223820328770401,0.0181696598233185,0.6726908508333334,0,2021,6,22,6
0,0,0.62324393,0,2021,6,22,12
0,0,0.62324393,0,2021,6,22,18
0.05875077900381192,0.10045455149004408,0.6243700455555555,0,2021,6,23,0
0.02756948452289304,0.04652945883295494,0.6359718422222223,0,2021,6,23,6
0.0197184914606232,0.0330985070380584,0.63640321,0,2021,6,23,12
0.01200101820824016,0.02010337161580782,0.6392587345833333,0,2021,6,23,18
0.03427167578480694,0.05633457756488748,0.6508988666666666,0,2021,6,24,0
0.0205623825483888,0.03379924928106576,0.65086068,0,2021,6,24,6
0.01664680182358062,0.027355452892953363,0.6510239608333334,0,2021,6,24,12
0.02350193541955632,0.03861634107555648,0.65116965,0,2021,6,24,18
0.01736091716928132,0.028564806873225483,0.6497637736111112,0,2021,6,25,0
0.0167613284694621,0.027607071152488203,0.6492926577777778,0,2021,6,25,6
0.01828491834265884,0.03011497516272072,0.649367788611111,0,2021,6,25,12
0.026477883148888083,0.04359349198952514,0.6489604393055556,0,2021,6,25,18
0.015004172920171858,0.02513782792145214,0.6252564673611112,0,2021,6,26,0
0.02193606403131552,0.0376723340795106,0.6240756079166666,0,2021,6,26,6
0.02003283874452084,0.0332170938384651,0.6435901834722223,0,2021,6,26,12
0,0,0.64877745,0,2021,6,26,18
0.04094430602378274,0.06745758141157003,0.6468874954166667,0,2021,6,27,0
0.0232427384654205,0.03651553641256182,0.6823545280555555,0,2021,6,27,6
0.025226374282416,0.03743673189713136,0.72568241,0,2021,6,27,12
0.00471902402952108,0.00713452865844156,0.7226603688888888,0,2021,6,27,18
0.009240291915126299,0.013712830927395659,0.72574572,0,2021,6,28,0
0.0526743303927282,0.07815949106212668,0.7259552030555556,0,2021,6,28,6
0.007087646687954159,0.009828305554764001,0.7585905461111112,0,2021,6,28,12
0.00261294188066856,0.0032183333140359603,0.7595170295833333,0,2021,6,28,18
0.00083252569501296,0.00118470524307552,0.7595157,0,2021,6,29,0
0.04607413531971552,0.06556808081722122,0.75813468625,0,2021,6,29,6
0.01022244607268208,0.014586413051426403,0.75724042,0,2021,6,29,12
0.03327880061992332,0.04748430746829577,0.7581767776388889,0,2021,6,29,18
0.0230073266513886,0.03280029898250178,0.75974275125,0,2021,6,30,0
0.00926561389871088,0.01318426324442784,0.75979764,0,2021,6,30,6
0.0714003811412985,0.10220755901754149,0.7455867183333333,0,2021,6,30,12
0.03012499187661312,0.04394514788345088,0.73526334,0,2021,6,30,18
0.00878645596401216,0.012817334799339839,0.7352651391666667,0,2021,6,31,0
0.04611986087801706,0.06728088508595825,0.7398198351388889,0,2021,6,31,6
0.00559677905126118,0.00819489359323026,0.7356908120833333,0,2021,6,31,12
0.010563418492989179,0.01545123739150062,0.7375907743055555,0,2021,6,31,18
0.00742804402377024,0.01084480362205056,0.73810296,0,2021,7,1,0
0.024142637493588002,0.035244463969608,0.7380138172222223,0,2021,7,1,6
0.062130349924992,0.090698237486784,0.73781122,0,2021,7,1,12
0.02938611387148386,0.0429010068769614,0.7378659075,0,2021,7,1,18
0.02308107154868694,0.03502966477355004,0.7038619618055555,0,2021,7,2,0
0.021625705493042338,0.03194782609981476,0.7326365247222222,0,2021,7,2,6
0.01772200818181728,0.02581163703089136,0.739650175,0,2021,7,2,12
0.06370918062356856,0.0886176317361516,0.7767749280555556,0,2021,7,2,18
0.08212808050084848,0.11233941722637948,0.7928679658333333,0,2021,7,3,0
0.019337078943331202,0.027039272017509063,0.7755510744444445,0,2021,7,3,6
0.10268575221397458,0.1394336395813568,0.7987353195833333,0,2021,7,3,12
0.1070733161002248,0.14492099018476223,0.80358003,0,2021,7,3,18
0.035512191557063456,0.049241002389428516,0.8023951658333334,0,2021,7,4,0
0.028890154203336,0.04038795174122112,0.7972393288888889,0,2021,7,4,6
0.028378824699661923,0.03970720502217936,0.77504677,0,2021,7,4,12
0.01448589032840886,0.02026821658813998,0.7796500836111111,0,2021,7,4,18
0.06535293075087828,0.09033298401631247,0.7860059911111111,0,2021,7,5,0
0.04692164124229488,0.06477045282200448,0.78676848,0,2021,7,5,6
0.04786898697973188,0.06605580757131035,0.7870351979166667,0,2021,7,5,12
0.026088203429889958,0.0353355349748928,0.7671895134722222,0,2021,7,5,18
0.0015038979244776,0.00215805816370656,0.75462199,0,2021,7,6,0
0.0397961164831284,0.05709047317542756,0.7548843691666667,0,2021,7,6,6
0.0563955851323437,0.08050782633264425,0.72094493,0,2021,7,6,12
0.0026009151298903802,0.00826133476754028,0.32391730722222223,0,2021,7,6,18
0.007304804616999059,0.023468288319133078,0.3251305872222222,0,2021,7,7,0
0.0057866744897164795,0.01808468621096604,0.33285335805555555,0,2021,7,7,6
0.003920256648729001,0.011637086594551321,0.3619276531944445,0,2021,7,7,12
0.009463171397402161,0.02573228509903176,0.38782821,0,2021,7,7,18
0.00701209083017058,0.0188640876112194,0.39206945944444443,0,2021,7,8,0
0.0064054905227074205,0.0171294191472873,0.3941826648611111,0,2021,7,8,6
0.0039097987194917395,0.0104551343353233,0.39441336083333334,0,2021,7,8,12
0.00974684824042224,0.02604860019002328,0.39637394944444443,0,2021,7,8,18
0.012127548590229239,0.03232088289503124,0.3943522440277778,0,2021,7,9,0
0.0053360616801996,0.0138325344723474,0.39780885972222224,0,2021,7,9,6
0.011063142045038159,0.028497010843501862,0.41364537069444446,0,2021,7,9,12
0.00807864692344242,0.01922756166768264,0.4533116438888889,0,2021,7,9,18
0.01067591800970064,0.0228604475381211,0.5002246336111111,0,2021,7,10,0
0.01159485451323846,0.02481475716441558,0.5006292083333332,0,2021,7,10,6
0.0054108191043799195,0.011574745513651981,0.5018247299999999,0,2021,7,10,12
0.01638370912492098,0.03483592582576326,0.5111496631944444,0,2021,7,10,18
0.00134361015366528,0.00262269062416368,0.5042803,0,2021,7,11,0
0.02240001989103612,0.04754870294166636,0.5283256538888889,0,2021,7,11,6
0.017926258729140658,0.03543924800232348,0.5478357422222222,0,2021,7,11,12
0.011583238022431079,0.02232894373508304,0.5920017883333333,0,2021,7,11,18
0.00414961178418864,0.00736394421728016,0.6137362,0,2021,7,12,0
0.033185078877935884,0.05750986603691874,0.6666715784722222,0,2021,7,12,6
0.02303732917064856,0.03753481690385712,0.6651448161111112,0,2021,7,12,12
0.01386362540544954,0.0228646743606516,0.6562648754166667,0,2021,7,12,18
0.00490665476171088,0.00804048865601328,0.62172214,0,2021,7,13,0
0.00490665476171088,0.00804048865601328,0.62172214,0,2021,7,13,6
0.037465861360163034,0.06523279730468232,0.6158183300000001,0,2021,7,13,12
0.03667868198453736,0.0645435499244682,0.6206829869444443,0,2021,7,13,18
0.01963799751499554,0.03591814861723878,0.5922252763888889,0,2021,7,14,0
0.00023091864242244,0.00042211226122002,0.5923398804166666,0,2021,7,14,6
0.5233285501313341,0.6051481030428444,0.8170581233333334,0,2021,7,14,12
0.5577298010663516,0.6522411141836755,0.939841651388889,0,2021,7,14,18
0.6479824357928305,0.7716403924355514,0.9254280911111111,0,2021,7,15,0
0.36757351413061623,0.459011919755454,0.8769516633333333,0,2021,7,15,6
0.06921007017495097,0.09109561894263792,0.8251862726388889,0,2021,7,15,12
0.18816621290356672,0.2525775575273494,0.79153672,0,2021,7,15,18
0.03345740581769664,0.0479211341043492,0.7472084158333333,0,2021,7,16,0
0.02328939249646368,0.03369002455292304,0.7536535830555555,0,2021,7,16,6
0.00540837723163458,0.00780047491017144,0.7766079929166667,0,2021,7,16,12
0.05096433760161738,0.0723334325484819,0.7551076530555556,0,2021,7,16,18
0.02291215280132604,0.036557856802401,0.6750962758333334,0,2021,7,17,0
0.00688768861461336,0.0110556984129669,0.6634887576388889,0,2021,7,17,6
0.029893549825890115,0.052372260346469524,0.5721672156944444,0,2021,7,17,12
0,0,0.60074899,0,2021,7,17,18
0.022529615165980198,0.0399464620835355,0.6012598837500001,0,2021,7,18,0
0.014893941528512998,0.02638065287891358,0.6017712894444444,0,2021,7,18,6
0.01322358336758568,0.02327180764664796,0.60723987,0,2021,7,18,12
0.00151561296632304,0.00265447065919248,0.61172721,0,2021,7,18,18
0.034517730407258515,0.06020742784183872,0.6116798630555556,0,2021,7,19,0
0.4049887291245396,0.49556730372141355,0.8684585781944444,0,2021,7,19,6
0.12391330660627044,0.1665852441484881,0.8086247258333333,0,2021,7,19,12
0.11206035724721129,0.15142582628563267,0.80461345375,0,2021,7,19,18
0.03904452347185632,0.05391576450554244,0.7783285461111111,0,2021,7,20,0
0.14262137834687594,0.19203838775461135,0.8071161455555556,0,2021,7,20,6
0.09712561376803969,0.13088673258705072,0.8058440652777779,0,2021,7,20,12
0.0954169614121955,0.12913140551306856,0.8022604841666667,0,2021,7,20,18
0.13120488085553872,0.17789181004967933,0.8005807755555555,0,2021,7,21,0
0.0657666931979376,0.08925168852749664,0.7978041233333333,0,2021,7,21,6
0.0822112090038924,0.112483674508566,0.7930611511111111,0,2021,7,21,12
0.0870471624747096,0.11910036124436402,0.79305993,0,2021,7,21,18
0.07603487141130348,0.10403582935301826,0.7930458683333333,0,2021,7,22,0
0.07360843439733264,0.10071652571594208,0.79304277,0,2021,7,22,6
0.07360843439733264,0.10071652571594208,0.79304277,0,2021,7,22,12
0.02453614479911088,0.03357217523864736,0.7924760766666668,0,2021,7,22,18
0,0,0.79219273,0,2021,7,23,0
0,0,0.79219273,0,2021,7,23,6
0.05439522192618383,0.07449818743054225,0.7839495350000001,0,2021,7,23,12
0.22000516717729188,0.30327714311940723,0.7450555548611111,0,2021,7,23,18
0.0920535778372743,0.12524061464450617,0.7826710859722222,0,2021,7,24,0
0.1321427662331745,0.1774433979595861,0.8083270244444445,0,2021,7,24,6
0.22109904764293212,0.28707076724789393,0.831983836111111,0,2021,7,24,12
0.18876023414934734,0.24701366809401604,0.8260917968055556,0,2021,7,24,18
0.09457364337380209,0.12859027803549505,0.79583493,0,2021,7,25,0
0.09457364337380209,0.12859027803549505,0.79583493,0,2021,7,25,6
0.09457364337380209,0.12859027803549505,0.79583493,0,2021,7,25,12
0.036778639089811924,0.05000733034713697,0.8019403761111111,0,2021,7,25,18
0.17439535932782801,0.23553533925021006,0.7898966020833333,0,2021,7,26,0
0.0256245694883784,0.03773180168298144,0.72908926,0,2021,7,26,6
0.0256245694883784,0.03773180168298144,0.72908926,0,2021,7,26,12
0.0153035623333371,0.022534270449558358,0.7353228945833332,0,2021,7,26,18
0.00976482845844528,0.014105447765423761,0.7440757377777778,0,2021,7,27,0
0.023430756297363117,0.033850970162137436,0.7441973175,0,2021,7,27,6
0.03766221683798688,0.05441536358243712,0.74461352,0,2021,7,27,12
0.03766221683798688,0.05441536358243712,0.74461352,0,2021,7,27,18
0.03676388572303152,0.05265109669235106,0.7527149597222222,0,2021,7,28,0
0.006583406734939439,0.009127839466840919,0.779700525,0,2021,7,28,6
0.058727160373209845,0.08317183000259724,0.7369072027777778,0,2021,7,28,12
0.02579168197504224,0.03785456086985952,0.72996903,0,2021,7,28,18
0.024000592948997642,0.035225771920563725,0.7333433202777777,0,2021,7,29,0
0.03478848702789504,0.04816781435762184,0.7786402325,0,2021,7,29,6
0,0,0.77881643,0,2021,7,29,12
0,0,0.77881643,0,2021,7,29,18
0,0,0.77881643,0,2021,7,30,0
0.17616306777496968,0.24168679256310888,0.7840200511111112,0,2021,7,30,6
0.05152132436368632,0.0654405341079468,0.8089833175000001,0,2021,7,30,12
0.14266948673798438,0.19298042346809907,0.79889354,0,2021,7,30,18
0.23381502291240983,0.30807247249757763,0.8164167294444444,0,2021,7,31,0
0.1090955475666183,0.14681740919632885,0.7989131119444444,0,2021,7,31,6
0.09308145210936102,0.12654792118080774,0.7944918345833334,0,2021,7,31,12
0.08907806855486461,0.12123130326656112,0.7933329330555555,0,2021,7,31,18
0.03374140065661824,0.04619626757230644,0.7880157488888888,0,2021,8,1,0
0,0,0.78780153,0,2021,8,1,6
0.06236830416761214,0.08367303875978839,0.7947830002777778,0,2021,8,1,12
0.2641481117687102,0.3543799288649861,0.81737011,0,2021,8,1,18
0.21791054897192344,0.29120759861495404,0.8168959980555556,0,2021,8,2,0
0.14346860898122554,0.1917576159130098,0.8092954740277778,0,2021,8,2,6
0.11669743103028336,0.15746600097166177,0.8022905666666666,0,2021,8,2,12
0.11360752896627216,0.1534521368607955,0.80229,0,2021,8,2,18
0.0696987704886783,0.09414088271927255,0.8020941130555556,0,2021,8,3,0
0.01664846620439184,0.02246270884667712,0.80170727,0,2021,8,3,6
0.09152068372679605,0.12312649801456033,0.8033553824999999,0,2021,8,3,12
0.3346788497295965,0.4489313348801505,0.8135308577777778,0,2021,8,3,18
0.15117997996184682,0.2018150492538891,0.8116475404166666,0,2021,8,4,0
0.13473728292706044,0.18069772666047382,0.7949360547222222,0,2021,8,4,6
0.0110101657216494,0.017967571562596322,0.6816447483333333,0,2021,8,4,12
0.0193271725150794,0.029026998352354862,0.7132011149999999,0,2021,8,4,18
0.04173701308578018,0.06246533582900514,0.71417809125,0,2021,8,5,0
0.015169538238562617,0.02243486019981936,0.7271158231944445,0,2021,8,5,6
0.03557921276242626,0.051952919134809955,0.7359809498611111,0,2021,8,5,12
0.00276135828491694,0.00418586009359728,0.6980668518055555,0,2021,8,5,18
0.04286465730294264,0.0656419694758344,0.69742449,0,2021,8,6,0
0.02353383728478882,0.03589212315081222,0.7010527081944444,0,2021,8,6,6
0.056453381672984825,0.07848399393657234,0.7499001313888889,0,2021,8,6,12
0.0026771434675488,0.0039267011679048,0.7315115799999999,0,2021,8,6,18
0.00321257216105856,0.00471204140148576,0.73150543,0,2021,8,7,0
0.06293408974414608,0.09231690501940476,0.7484667856944445,0,2021,8,7,6
0.02784975785108472,0.038698512112737844,0.7751985916666667,0,2021,8,7,12
0.01716851435053788,0.0239842701486414,0.7701704524999999,0,2021,8,7,18
0.0442013656148256,0.06178289256661069,0.7719514345833334,0,2021,8,8,0
0.034662963314555456,0.04944850430948148,0.7480726804166666,0,2021,8,8,6
0.02444908948336656,0.0368554515494256,0.70838923,0,2021,8,8,12
0.0050935603090347,0.007678219072797,0.7084038758333333,0,2021,8,8,18
0.021578752041152043,0.03252756808180152,0.7081843775,0,2021,8,9,0
0.0394296173643045,0.059382400047626994,0.7110271995833333,0,2021,8,9,6
0.00168377330249712,0.00252786115976544,0.71308801,0,2021,8,9,12
0.00723105095231604,0.01084318262615112,0.7130537711111111,0,2021,8,9,18
0.07393629279809592,0.1107268000493148,0.7147989422222223,0,2021,8,10,0
0.010067881958429281,0.0150257192994834,0.7168122234722223,0,2021,8,10,6
0.02799446967390324,0.041750242145402044,0.7138670505555555,0,2021,8,10,12
0.02426720939257464,0.03653880145728768,0.7089832944444444,0,2021,8,10,18
0.029163375635469904,0.0439177616231673,0.7141983238888889,0,2021,8,11,0
0.0032815215362978997,0.0047944991779776,0.73954863,0,2021,8,11,6
0.0037503103271976,0.0054794276319744,0.74048574,0,2021,8,11,12
0.049889914790870696,0.07220382019707852,0.742172535,0,2021,8,11,18
0.05451019706694828,0.07876799225067792,0.7442671690277778,0,2021,8,12,0
0.013048999084460701,0.01977220021653402,0.7097844351388889,0,2021,8,12,6
0.028515962329490156,0.0413017441629438,0.7392304231944444,0,2021,8,12,12
0,0,0.74523906,0,2021,8,12,18
0,0,0.74523906,0,2021,8,13,0
0,0,0.74523906,0,2021,8,13,6
0.1088072871461739,0.15668341686638287,0.7455116352777778,0,2021,8,13,12
0.13688836816055977,0.1772970613527726,0.7876344359722222,0,2021,8,13,18
0.2678657162859064,0.34297686991111576,0.8420104084722222,0,2021,8,14,0
0.18020514563378262,0.23772298490131838,0.8181444304166666,0,2021,8,14,6
0.19371522902582575,0.2553004765022905,0.8221814548611112,0,2021,8,14,12
0.0465776170680429,0.06589857588172962,0.7136208577777778,0,2021,8,14,18
0.02363812171942896,0.03623959681660368,0.69504029,0,2021,8,15,0
0.02364053960018556,0.03624108225208128,0.6950741358333334,0,2021,8,15,6
0.0233509529501592,0.036019175698973276,0.6903626722222223,0,2021,8,15,12
0.0233337193217424,0.03600600004233936,0.69008274,0,2021,8,15,18
0.0233337193217424,0.03600600004233936,0.69008274,0,2021,8,16,0
0.0239446006975017,0.036207067749868975,0.7055617304166667,0,2021,8,16,6
0.00478389987390792,0.00670785374817744,0.7387964574999999,0,2021,8,16,12
0.11125538143537105,0.15242165439289632,0.79699455,0,2021,8,16,18
0.07571546792129419,0.10373140368405444,0.7970827134722221,0,2021,8,17,0
0.03093956843591826,0.04199509794907716,0.7910028994444445,0,2021,8,17,6
0.09746202174598613,0.13323493602779393,0.7771923054166667,0,2021,8,17,12
0.03528236279586642,0.05027224719825054,0.74854391,0,2021,8,17,18
0.02790544694756016,0.03937287080884848,0.7632187888888889,0,2021,8,18,0
0.028127809909843197,0.03953216457086256,0.76661775,0,2021,8,18,6
0.028127809909843197,0.03953216457086256,0.76661775,0,2021,8,18,12
0.02617783695919482,0.0381241174451838,0.7366007573611112,0,2021,8,18,18
0.004912344944970119,0.00728463965214216,0.722514738611111,0,2021,8,19,0
0.03428378830258578,0.050843114140776836,0.7228272245833334,0,2021,8,19,6
0.0277325404381476,0.0410829826240284,0.72338143,0,2021,8,19,12
0.026637961457833682,0.03946136317731144,0.7234338459722223,0,2021,8,19,18
0.03266824843604196,0.04832377584666822,0.7248261420833333,0,2021,8,20,0
0.04788250084592352,0.06589837020766501,0.7795387558333333,0,2021,8,20,6
0.1406418256970833,0.18954461670502115,0.8019376418055555,0,2021,8,20,12
0.12206469155060537,0.16259805114065962,0.8039879065277779,0,2021,8,20,18
0.033625944974954886,0.04685205136743972,0.7717509116666667,0,2021,8,21,0
0.03100558431322254,0.043171578083718236,0.7734175243055555,0,2021,8,21,6
0.02712220846265568,0.037724287742348636,0.7743995433333333,0,2021,8,21,12
0,0,0.7758395,0,2021,8,21,18
0.02716429541417964,0.03770921683333836,0.7759688033333334,0,2021,8,22,0
0.04575491819257422,0.06349329049390698,0.7786429266666667,0,2021,8,22,6
0.01639137296063376,0.02267824988912544,0.77863575,0,2021,8,22,12
0.0977450499394587,0.13665985384865872,0.7391489479166666,0,2021,8,22,18
0.02424582441801072,0.03670357822296336,0.70548037,0,2021,8,23,0
0.02424582441801072,0.03670357822296336,0.70548037,0,2021,8,23,6
0.02424582441801072,0.03670357822296336,0.70548037,0,2021,8,23,12
0.02424582441801072,0.03670357822296336,0.70548037,0,2021,8,23,18
0.00880864329184134,0.013334003681696939,0.7050055686111111,0,2021,8,24,0
0.026143414749596878,0.03955891883167368,0.705781215,0,2021,8,24,6
0.03780477283131408,0.05720703418399212,0.706910275,0,2021,8,24,12
0.010368774381125701,0.015645285814446422,0.7299946204166666,0,2021,8,24,18
0.00172874615223168,0.00247822221351168,0.74296715,0,2021,8,25,0
0.00172874615223168,0.00247822221351168,0.74296715,0,2021,8,25,6
0.00172874615223168,0.00247822221351168,0.74296715,0,2021,8,25,12
0.02350851129621108,0.03393595401811416,0.7435922919444445,0,2021,8,25,18
0.04785060175124688,0.06909459544678752,0.74429098,0,2021,8,26,0
0.0485513972047368,0.07006964754527556,0.7446831970833334,0,2021,8,26,6
0.071519490211635,0.10303669796891687,0.7461002966666667,0,2021,8,26,12
0.02874848719165866,0.0411904132479144,0.7495820037500001,0,2021,8,26,18
0.00639037128456252,0.009155702084663521,0.7498474484722223,0,2021,8,27,0
0.00013814964358884,0.00019505280568644,0.75691756125,0,2021,8,27,6
0.0354408846019992,0.04958448819831504,0.77204228,0,2021,8,27,12
0.0354408846019992,0.04958448819831504,0.77204228,0,2021,8,27,18
0.030327548051333704,0.04234560742084368,0.7720758761111112,0,2021,8,28,0
0.029567866176165598,0.04105673021527776,0.77672931,0,2021,8,28,6
0.029869829701919277,0.04147154605161876,0.7768107538888889,0,2021,8,28,12
0.09318927120997986,0.1236762661622619,0.7946045105555555,0,2021,8,28,18
0.17078155267580675,0.22389916710847155,0.8279799202777778,0,2021,8,29,0
0.20589936996008557,0.27252790778017727,0.817068795,0,2021,8,29,6
0.031196874236376602,0.041292107239420804,0.8160444469444443,0,2021,8,29,12
0.015359666666387519,0.02039559480337398,0.8160335911111111,0,2021,8,29,18
0.46374881726686135,0.616074637118288,0.8146036001388889,0,2021,8,30,0
0.13642281258537997,0.1815087718694559,0.8125310734722222,0,2021,8,30,6
0,0,0.80435337,0,2021,8,30,12
0.3005982476460944,0.40241065977449225,0.8117427955555555,0,2021,8,30,18
0.13547818093769268,0.18021904787365448,0.7963224172222222,0,2021,9,1,0
0.11946475132451388,0.15854382584319948,0.8044985730555555,0,2021,9,1,6
0.14949089338132318,0.201885387937022,0.8026981722222222,0,2021,9,1,12
0.04732775442425892,0.06623037441759841,0.7422218231944444,0,2021,9,1,18
0.11731936939862406,0.15799926179702242,0.7994635408333334,0,2021,9,2,0
0.013472104383240239,0.018708945351810422,0.7790982855555556,0,2021,9,2,6
0.00412697774829312,0.00569719181451888,0.78219629,0,2021,9,2,12
0.1283380876323983,0.17698937394368927,0.7812351141666667,0,2021,9,2,18
0.04574106697057884,0.06317795259941221,0.7804411975,0,2021,9,3,0
0.046518234430676576,0.06421648485539658,0.7808516552777778,0,2021,9,3,6
0.05058776749943088,0.06974653210315487,0.78204279,0,2021,9,3,12
0.05058776749943088,0.06974653210315487,0.78204279,0,2021,9,3,18
0.05374881120913764,0.07402420892022468,0.7829123941666667,0,2021,9,4,0
0.03771693979605084,0.0519340737256458,0.7847491415277777,0,2021,9,4,6
0,0,0.78854764,0,2021,9,4,12
0,0,0.78854764,0,2021,9,4,18
0,0,0.78854764,0,2021,9,5,0
0.31535252745586845,0.4312586727796363,0.7887168901388889,0,2021,9,5,6
0,0,0.77564919,0,2021,9,5,12
0.05702796600766572,0.07922809668428274,0.7752004404166667,0,2021,9,5,18
0,0,0.77499641,0,2021,9,6,0
0.07176874799523636,0.09963019053106542,0.7772614612500001,0,2021,9,6,6
0.03656419820109936,0.05065084063125792,0.77801218,0,2021,9,6,12
0.02286278017788438,0.03167125816468446,0.76875478375,0,2021,9,6,18
0.00002708347252608,0.00003862072039536,0.75332579,0,2021,9,7,0
0.00002708347252608,0.00003862072039536,0.75332579,0,2021,9,7,6
0.00002708347252608,0.00003862072039536,0.75332579,0,2021,9,7,12
0.00002708347252608,0.00003862072039536,0.75332579,0,2021,9,7,18
0.14278379861505097,0.20767431443244497,0.7501920725,0,2021,9,8,0
0.0030247691340264,0.004321085594917919,0.7525613866666666,0,2021,9,8,6
0.00810759933230184,0.01156953115358928,0.752647725,0,2021,9,8,12
0.01621519866460368,0.02313906230717856,0.75263183,0,2021,9,8,18
0.026461408314400022,0.03773478300798486,0.7600725156944445,0,2021,9,9,0
0.05854490781551802,0.08330996493662185,0.7885500487499999,0,2021,9,9,6
0.0291281506852176,0.04093371352856322,0.7665913875,0,2021,9,9,12
0.02648325059862756,0.0369288044065326,0.8601144680555555,0,2021,9,9,18
0.00588905237396736,0.00797304050242416,0.88378938,0,2021,9,10,0
0.030878006069599378,0.043442388764211304,0.8141856502777778,0,2021,9,10,6
0.04049261839583856,0.05716615994632596,0.7616562091666667,0,2021,9,10,12
0.02072330291307024,0.029269146473593924,0.7618645,0,2021,9,10,18
0.2559289375061128,0.3315767264908119,0.82151271125,0,2021,9,11,0
0.2115161281513836,0.2762553352421683,0.8290853236111111,0,2021,9,11,6
0.13660553411833104,0.18235735682856025,0.8087644008333333,0,2021,9,11,12
0.0353237946349032,0.0489530345829696,0.78005023,0,2021,9,11,18
0.03547850200744536,0.04916440173513048,0.7800951944444443,0,2021,9,12,0
0.11155468015487657,0.1496600471596199,0.8040292195833333,0,2021,9,12,6
0.02404805661158712,0.034029838168035655,0.76224784,0,2021,9,12,12
0.03185335456949832,0.04506399121006338,0.7625058386111111,0,2021,9,12,18
0.02777530064627808,0.03928395063196224,0.76271665,0,2021,9,13,0
0.02777530064627808,0.03928395063196224,0.76271665,0,2021,9,13,6
0.02777530064627808,0.03928395063196224,0.76271665,0,2021,9,13,12
0.14677828199830828,0.18328248676620584,0.8287870529166667,0,2021,9,13,18
0.334394507793738,0.4324687770900478,0.8403890741666666,0,2021,9,14,0
0.12823868500305335,0.1723013520579339,0.7958667841666667,0,2021,9,14,6
0.0167622580685952,0.0300896765140986,0.5877506658333334,0,2021,9,14,12
0,0,0.59789387,0,2021,9,14,18
0.0350473925214264,0.0618726590147112,0.5983872144444445,0,2021,9,15,0
0.00583818654481422,0.01007767877780742,0.6572451840277779,0,2021,9,15,6
0.03109646132915706,0.049114377353580846,0.6850298983333333,0,2021,9,15,12
0.017001571151828883,0.02655098598113232,0.6860349566666666,0,2021,9,15,18
0.03784967796985776,0.05907926450833331,0.6866578769444445,0,2021,9,16,0
0.0273232813501704,0.04240909315084758,0.6913578684722222,0,2021,9,16,6
0.0209792717304378,0.0324380226416025,0.6935224072222222,0,2021,9,16,12
0,0,0.69358896,0,2021,9,16,18
0.0177124031458068,0.02738418026263812,0.6938294013888888,0,2021,9,17,0
0.043710055337539674,0.06755205848588022,0.69440526375,0,2021,9,17,6
0.0121037061972444,0.01866590315338008,0.6951904522222222,0,2021,9,17,12
0.03405086348005152,0.05249667973925232,0.69620789,0,2021,9,17,18
0.03331754154559932,0.051337819809432174,0.6970561750000001,0,2021,9,18,0
0.02111880379030554,0.03167441045914224,0.7169399606944444,0,2021,9,18,6
0.028239112341653758,0.04234054386252096,0.71712293,0,2021,9,18,12
0.01374877236832344,0.02061409938339168,0.7177641520833333,0,2021,9,18,18
0.03208805834911488,0.047961784950276955,0.72020187,0,2021,9,19,0
0.02852310253175724,0.042546137854319876,0.7214764913888889,0,2021,9,19,6
0.007009635552334501,0.010423953236964661,0.7242252140277778,0,2021,9,19,12
0.042118508963578195,0.06257035097890074,0.7245384790277778,0,2021,9,19,18
0.0027244528400349,0.0040454757117555,0.7252608213888889,0,2021,9,20,0
0.04625415053442097,0.06855719141401176,0.7273402504166666,0,2021,9,20,6
0.02552980038324468,0.03764141614618116,0.7305192125,0,2021,9,20,12
0.00040772880719946,0.00060101208112122,0.7366319236111111,0,2021,9,20,18
0.03972990310748064,0.05780084507532768,0.7651916147222222,0,2021,9,21,0
0,0,0.78210727,0,2021,9,21,6
0.17865495670097947,0.22886134478226586,0.8039181825,0,2021,9,21,12
0.9099713703994508,1.0159700970922432,0.9926717463888889,0,2021,9,21,18
0.6447533943598708,0.755580457682325,0.94336041875,0,2021,9,22,0
0.3527868369173367,0.43886436659682126,0.8642443944444445,0,2021,9,22,6
0.11634972888564193,0.1551825236687888,0.7992867688888888,0,2021,9,22,12
0.021181347523319162,0.029431837767877625,0.7778538355555555,0,2021,9,22,18
0.04041516888051984,0.0559945086704232,0.779942106111111,0,2021,9,23,0
0.041566147503133324,0.057717672098188615,0.7767647766666667,0,2021,9,23,6
0.02397994411452066,0.034142639137046994,0.75674914375,0,2021,9,23,12
0.031304990533113544,0.04455274837137318,0.7570896512499999,0,2021,9,23,18
0.009030083582285402,0.01284480846923358,0.7659185220833333,0,2021,9,24,0
0.015719696607748142,0.022098161900905022,0.7790919648611111,0,2021,9,24,6
0,0,0.77902659,0,2021,9,24,12
0.07416083503356624,0.10289836108895663,0.7793340444444444,0,2021,9,24,18
0.0032231960800099204,0.0044700258935724,0.779793567638889,0,2021,9,25,0
0.1011572269377336,0.1380812923081764,0.7910700783333333,0,2021,9,25,6
0.12919933867669398,0.1738066833120776,0.8071707141666667,0,2021,9,25,12
0.09695184235048655,0.13136537200962314,0.7985274075000001,0,2021,9,25,18
0.013262920539880381,0.01813649491734054,0.8130464150000001,0,2021,9,26,0
0.23514993459615743,0.3134529269084341,0.8099319011111111,0,2021,9,26,6
0.10733772284968368,0.14551057345679275,0.7903240077777778,0,2021,9,26,12
0.07065365014778688,0.09676728777915217,0.79036381,0,2021,9,26,18
0.07065365014778688,0.09676728777915217,0.79036381,0,2021,9,27,0
0.06333552122829372,0.08666119568441394,0.7910372030555555,0,2021,9,27,6
0.08330984220308256,0.11374951140413568,0.7931822,0,2021,9,27,12
0.08330984220308256,0.11374951140413568,0.7931822,0,2021,9,27,18
0.08330984220308256,0.11374951140413568,0.7931822,0,2021,9,28,0
0.0869159322575913,0.1184490118424184,0.7946757213888889,0,2021,9,28,6
0.3043749880021941,0.37718048611090743,0.8512999645833333,0,2021,9,28,12
0.13430997984283777,0.1802431871951832,0.80826,0,2021,9,28,18
0.27105659526679377,0.33318546914291974,0.8078100825,0,2021,9,29,0
0.6105635075084781,0.7255202889930028,0.9260685143055556,0,2021,9,29,6
0.04053305985411432,0.0510118354983,0.7855284145833333,0,2021,9,29,12
0.072918297741321,0.10043969634674982,0.7862433172222222,0,2021,9,29,18
0.00803195182584774,0.01103140463564376,0.8020859625000001,0,2021,9,30,0
0.06890859495006774,0.09290969628996217,0.8039915343055556,0,2021,9,30,6
0.22105194295458244,0.29811154229455084,0.8024171886111111,0,2021,9,30,12
0.15368744134631754,0.20742311981454745,0.8030076969444445,0,2021,9,30,18
0.1341952818764712,0.18087371508458572,0.803904785,0,2021,9,31,0
0.12186295145903532,0.16416518359590404,0.8044136095833333,0,2021,9,31,6
0.04925455259367258,0.06637379965088179,0.7935640798611111,0,2021,9,31,12
0,0,0.78699986,0,2021,9,31,18
0.11326215695880654,0.15562862762276594,0.7924308291666666,0,2021,10,1,0
0.015340577420976479,0.02108395017167904,0.79985206,0,2021,10,1,6
0.20690667718393294,0.28031267834112195,0.7995483583333333,0,2021,10,1,12
0.2776271267131346,0.362694030921313,0.8334767772222222,0,2021,10,1,18
0.27445124384120306,0.35357717989794674,0.84568167,0,2021,10,2,0
0.1779104977336638,0.2306272597921416,0.8178868095833334,0,2021,10,2,6
0.04585370029053936,0.06329971429404739,0.7802028115277778,0,2021,10,2,12
0.05939274789800783,0.0816456034298664,0.78682198,0,2021,10,2,18
0.04866905730531198,0.06690403614391831,0.7868088463888889,0,2021,10,3,0
0.01986984230431392,0.02731503012450552,0.7869819966666667,0,2021,10,3,6
0.16047324523924097,0.2148407493650577,0.8002851908333333,0,2021,10,3,12
0.3021963091955389,0.3857955011298751,0.8526814865277778,0,2021,10,3,18
0.13347185476766832,0.17915892294054528,0.80777337,0,2021,10,4,0
0.08164183680894271,0.11086117087969367,0.7836070752777778,0,2021,10,4,6
0.02782454426165088,0.03931865330426496,0.76148257,0,2021,10,4,12
0.02782454426165088,0.03931865330426496,0.76148257,0,2021,10,4,18
0.02782454426165088,0.03931865330426496,0.76148257,0,2021,10,5,0
0.0273404834138544,0.0389725095150756,0.7634215805555555,0,2021,10,5,6
0.0267649183159683,0.038561506418460956,0.7459735597222221,0,2021,10,5,12
0.025650647368074958,0.0369552482452506,0.7457324383333332,0,2021,10,5,18
0,0,0.74612443,0,2021,10,6,0
0.011735488293550441,0.01689908110049964,0.7473105920833334,0,2021,10,6,6
0.01594255013463456,0.02295724224973536,0.74773582,0,2021,10,6,12
0.04583650379599909,0.06588402979537007,0.7480849566666667,0,2021,10,6,18
0.05532441262701696,0.07949409702899617,0.7485062177777777,0,2021,10,7,0
0,0,0.74894665,0,2021,10,7,6
0.0372284822275956,0.05342954296753213,0.7490033861111112,0,2021,10,7,12
0.02670148644403434,0.03831380375733294,0.7507115584722223,0,2021,10,7,18
0.00301058511007824,0.0043146207650952,0.7512043,0,2021,10,8,0
0.07566573651878988,0.10832987044328023,0.7507418481944444,0,2021,10,8,6
0.02707091876886192,0.03878166127830912,0.75043862,0,2021,10,8,12
0.027448615556007843,0.039049341369084,0.7561729533333332,0,2021,10,8,18
0.028204009130299676,0.03958470155063376,0.76764162,0,2021,10,9,0
0.0019586117451597,0.0027489376076829,0.76764162,0,2021,10,9,6
0,0,0.76764162,0,2021,10,9,12
0.01993943640372288,0.02798545792980288,0.7686202511111111,0,2021,10,9,18
0.04486373190837648,0.06296728034205648,0.76984354,0,2021,10,10,0
0.07440392123916786,0.10376281116280944,0.7803029830555555,0,2021,10,10,6
0.02405085402579984,0.03306417915314016,0.78680519,0,2021,10,10,12
0.0137200266444852,0.01884046428880512,0.7869890127777777,0,2021,10,10,18
0.0379939199385744,0.05217359341515264,0.78720934,0,2021,10,11,0
0.0416476276349712,0.05723882013409704,0.7860530372222222,0,2021,10,11,6
0.09060731076668832,0.125112858167952,0.77055858,0,2021,10,11,12
0.09060731076668832,0.125112858167952,0.77055858,0,2021,10,11,18
0.0251686974351912,0.034753571713320004,0.7706075827777777,0,2021,10,12,0
0,0,0.77062643,0,2021,10,12,6
0.06145264337204448,0.08594805961966512,0.7679751177777778,0,2021,10,12,12
0.019202664507494402,0.02694784577050656,0.7670277977777777,0,2021,10,12,18
0.05034101463224064,0.0704840611835088,0.77194522,0,2021,10,13,0
0.03266313997996422,0.04548622717617966,0.7752792273611111,0,2021,10,13,6
0.027892563783520022,0.03887167517387892,0.7735731052777778,0,2021,10,13,12
0.029142327822053764,0.04062690638524512,0.77315121,0,2021,10,13,18
0.02867269785756774,0.03997161767994288,0.7732020856944444,0,2021,10,14,0
0.02501450917605738,0.03487176950620356,0.7741297887499999,0,2021,10,14,6
0.06551483217431857,0.08845147535611805,0.7894521893055555,0,2021,10,14,12
0.05019723238012902,0.06775094645956482,0.8044082716666667,0,2021,10,14,18
0.24513551157320349,0.3309198785885851,0.8017341766666667,0,2021,10,15,0
